,,,,,,Restricted Area,Restricted Area,Restricted Area,In The Paint (Non-RA),In The Paint (Non-RA),In The Paint (Non-RA),Mid-Range,Mid-Range,Mid-Range,Left Corner 3,Left Corner 3,Left Corner 3,Right Corner 3,Right Corner 3,Right Corner 3,Above the Break 3,Above the Break 3,Above the Break 3,Backcourt,Backcourt,Backcourt,Corner 3,Corner 3,Corner 3
PLAYER_ID,PLAYER_NAME,TEAM_ID,TEAM_ABBREVIATION,AGE,NICKNAME,FGM,FGA,FG_PCT,FGM,FGA,FG_PCT,FGM,FGA,FG_PCT,FGM,FGA,FG_PCT,FGM,FGA,FG_PCT,FGM,FGA,FG_PCT,FGM,FGA,FG_PCT,FGM,FGA,FG_PCT
203932,Aaron Gordon,1610612743,DEN,26.0,Aaron,277.0,367.0,0.755,29,98,0.296,41.0,109.0,0.376,22.0,67.0,0.328,16.0,45.0,0.356,49.0,144.0,0.34,0.0,4.0,0.0,38.0,112.0,0.339
1630565,Aaron Henry,1610612755,PHI,22.0,Aaron,1.0,1.0,1.0,0,1,0.0,0.0,2.0,0.0,0.0,0.0,0.0,0.0,0.0,0.0,0.0,1.0,0.0,,,,0.0,0.0,0.0
1628988,Aaron Holiday,1610612756,PHX,25.0,Aaron,48.0,80.0,0.6,49,105,0.467,15.0,50.0,0.3,5.0,13.0,0.385,2.0,4.0,0.5,32.0,86.0,0.372,0.0,0.0,0.0,7.0,17.0,0.412
1630174,Aaron Nesmith,1610612738,BOS,22.0,Aaron,26.0,34.0,0.765,7,17,0.412,8.0,16.0,0.5,5.0,25.0,0.2,4.0,19.0,0.211,22.0,71.0,0.31,0.0,0.0,0.0,9.0,44.0,0.205
1630598,Aaron Wiggins,1610612760,OKC,23.0,Aaron,71.0,110.0,0.645,39,83,0.47,4.0,7.0,0.571,11.0,30.0,0.367,6.0,23.0,0.261,25.0,84.0,0.298,0.0,0.0,0.0,17.0,53.0,0.321
1627846,Abdel Nader,1610612756,PHX,28.0,Abdel,8.0,13.0,0.615,0,8,0.0,0.0,0.0,0.0,1.0,1.0,1.0,0.0,4.0,0.0,3.0,8.0,0.375,0.0,1.0,0.0,1.0,5.0,0.2
1630278,Ade Murkey,1610612758,SAC,24.0,Ade,0.0,0.0,0.0,0,0,0.0,0.0,0.0,0.0,,,,,,,,,,,,,,,
1629678,Admiral Schofield,1610612753,ORL,25.0,Admiral,15.0,27.0,0.556,10,20,0.5,3.0,3.0,1.0,4.0,12.0,0.333,6.0,17.0,0.353,16.0,48.0,0.333,0.0,2.0,0.0,10.0,29.0,0.345
1629958,Ahmad Caver,1610612754,IND,25.0,Ahmad,1.0,1.0,1.0,0,0,0.0,0.0,0.0,0.0,,,,,,,0.0,0.0,0.0,,,,,,
201143,Al Horford,1610612738,BOS,36.0,Al,91.0,126.0,0.722,63,118,0.534,23.0,60.0,0.383,11.0,34.0,0.324,20.0,44.0,0.455,58.0,187.0,0.31,0.0,0.0,0.0,31.0,78.0,0.397
202692,Alec Burks,1610612752,NYK,30.0,Alec,51.0,119.0,0.429,47,132,0.356,31.0,89.0,0.348,22.0,51.0,0.431,17.0,44.0,0.386,117.0,293.0,0.399,0.0,0.0,0.0,39.0,95.0,0.411
1630758,Aleem Ford,1610612753,ORL,24.0,Aleem,3.0,3.0,1.0,1,2,0.5,0.0,0.0,0.0,0.0,3.0,0.0,0.0,0.0,0.0,2.0,12.0,0.167,0.0,0.0,0.0,0.0,3.0,0.0
1630197,Aleksej Pokusevski,1610612760,OKC,20.0,Aleksej,79.0,119.0,0.664,37,101,0.366,13.0,39.0,0.333,10.0,28.0,0.357,4.0,14.0,0.286,43.0,155.0,0.277,0.0,0.0,0.0,14.0,42.0,0.333
1627936,Alex Caruso,1610612741,CHI,28.0,Alex,42.0,78.0,0.538,12,32,0.375,7.0,21.0,0.333,7.0,29.0,0.241,11.0,19.0,0.579,23.0,75.0,0.307,0.0,2.0,0.0,18.0,48.0,0.375
203458,Alex Len,1610612758,SAC,29.0,Alex,59.0,85.0,0.694,27,66,0.409,2.0,4.0,0.5,2.0,4.0,0.5,0.0,2.0,0.0,4.0,15.0,0.267,0.0,0.0,0.0,2.0,6.0,0.333
1628035,Alfonzo McKinnie,1610612741,CHI,29.0,Alfonzo,11.0,21.0,0.524,2,4,0.5,2.0,9.0,0.222,2.0,6.0,0.333,2.0,5.0,0.4,5.0,16.0,0.313,0.0,0.0,0.0,4.0,11.0,0.364
1628993,Alize Johnson,1610612740,NOP,26.0,Alize,11.0,24.0,0.458,6,11,0.545,0.0,0.0,0.0,0.0,0.0,0.0,0.0,2.0,0.0,0.0,1.0,0.0,0.0,1.0,0.0,0.0,2.0,0.0
1630578,Alperen Sengun,1610612745,HOU,19.0,Alperen,170.0,277.0,0.614,46,114,0.404,4.0,17.0,0.235,0.0,2.0,0.0,2.0,8.0,0.25,27.0,101.0,0.267,0.0,6.0,0.0,2.0,10.0,0.2
1629599,Amir Coffey,1610612746,LAC,25.0,Amir,72.0,100.0,0.72,30,72,0.417,13.0,40.0,0.325,14.0,35.0,0.4,16.0,46.0,0.348,66.0,172.0,0.384,0.0,1.0,0.0,30.0,81.0,0.37
203083,Andre Drummond,1610612751,BKN,28.0,Andre,207.0,338.0,0.612,38,83,0.458,2.0,9.0,0.222,0.0,0.0,0.0,0.0,0.0,0.0,0.0,1.0,0.0,0.0,2.0,0.0,0.0,0.0,0.0
2738,Andre Iguodala,1610612744,GSW,38.0,Andre,22.0,31.0,0.71,5,9,0.556,2.0,8.0,0.25,4.0,13.0,0.308,3.0,13.0,0.231,10.0,44.0,0.227,0.0,3.0,0.0,7.0,26.0,0.269
203952,Andrew Wiggins,1610612744,GSW,27.0,Andrew,159.0,222.0,0.716,92,219,0.42,67.0,180.0,0.372,42.0,87.0,0.483,8.0,26.0,0.308,107.0,285.0,0.375,0.0,0.0,0.0,50.0,113.0,0.442
1629014,Anfernee Simons,1610612757,POR,23.0,Anfernee,62.0,111.0,0.559,53,109,0.486,59.0,135.0,0.437,11.0,25.0,0.44,6.0,16.0,0.375,162.0,399.0,0.406,0.0,2.0,0.0,17.0,41.0,0.415
203076,Anthony Davis,1610612747,LAL,29.0,Anthony,234.0,304.0,0.77,51,126,0.405,72.0,195.0,0.369,0.0,3.0,0.0,4.0,6.0,0.667,9.0,61.0,0.148,0.0,0.0,0.0,4.0,9.0,0.444
1630162,Anthony Edwards,1610612750,MIN,20.0,Anthony,256.0,408.0,0.627,42,132,0.318,37.0,105.0,0.352,12.0,35.0,0.343,9.0,24.0,0.375,193.0,539.0,0.358,0.0,2.0,0.0,21.0,59.0,0.356
1630264,Anthony Gill,1610612764,WAS,29.0,Anthony,26.0,41.0,0.634,22,40,0.55,0.0,2.0,0.0,3.0,5.0,0.6,5.0,8.0,0.625,6.0,13.0,0.462,0.0,0.0,0.0,8.0,13.0,0.615
1630237,Anthony Lamb,1610612745,HOU,24.0,Anthony,0.0,0.0,0.0,0,0,0.0,0.0,0.0,0.0,0.0,0.0,0.0,,,,0.0,2.0,0.0,,,,0.0,0.0,0.0
1629717,Armoni Brooks,1610612761,TOR,24.0,Armoni,18.0,26.0,0.692,4,9,0.444,2.0,5.0,0.4,8.0,25.0,0.32,2.0,10.0,0.2,64.0,213.0,0.3,0.0,1.0,0.0,10.0,35.0,0.286
1629083,Arnoldas Kulboka,1610612766,CHA,24.0,Arnoldas,0.0,0.0,0.0,0,0,0.0,0.0,0.0,0.0,0.0,0.0,0.0,0.0,1.0,0.0,0.0,0.0,0.0,,,,0.0,1.0,0.0
1630559,Austin Reaves,1610612747,LAL,24.0,Austin,56.0,78.0,0.718,26,45,0.578,11.0,28.0,0.393,8.0,24.0,0.333,10.0,26.0,0.385,35.0,114.0,0.307,0.0,3.0,0.0,18.0,50.0,0.36
203085,Austin Rivers,1610612743,DEN,29.0,Austin,50.0,73.0,0.685,17,41,0.415,0.0,5.0,0.0,30.0,62.0,0.484,20.0,47.0,0.426,29.0,122.0,0.238,0.0,0.0,0.0,50.0,109.0,0.459
202340,Avery Bradley,1610612747,LAL,31.0,Avery,32.0,58.0,0.552,13,34,0.382,22.0,49.0,0.449,27.0,65.0,0.415,19.0,54.0,0.352,35.0,90.0,0.389,0.0,0.0,0.0,46.0,119.0,0.387
1630245,Ayo Dosunmu,1610612741,CHI,22.0,Ayo,141.0,211.0,0.668,25,59,0.424,42.0,80.0,0.525,11.0,34.0,0.324,28.0,61.0,0.459,30.0,89.0,0.337,1.0,1.0,1.0,39.0,95.0,0.411
1629168,BJ Johnson,1610612753,ORL,26.0,BJ,2.0,5.0,0.4,0,2,0.0,5.0,8.0,0.625,1.0,1.0,1.0,0.0,2.0,0.0,3.0,7.0,0.429,0.0,0.0,0.0,1.0,3.0,0.333
1628389,Bam Adebayo,1610612748,MIA,24.0,Bam,238.0,325.0,0.732,126,279,0.452,42.0,119.0,0.353,0.0,0.0,0.0,0.0,0.0,0.0,0.0,4.0,0.0,0.0,2.0,0.0,0.0,0.0,0.0
203463,Ben McLemore,1610612757,POR,29.0,Ben,39.0,57.0,0.684,2,11,0.182,26.0,56.0,0.464,35.0,73.0,0.479,33.0,65.0,0.508,81.0,275.0,0.295,0.0,2.0,0.0,68.0,138.0,0.493
202687,Bismack Biyombo,1610612756,PHX,29.0,Bismack,64.0,85.0,0.753,20,54,0.37,2.0,6.0,0.333,0.0,0.0,0.0,0.0,0.0,0.0,0.0,0.0,0.0,0.0,0.0,0.0,0.0,0.0,0.0
201933,Blake Griffin,1610612751,BKN,33.0,Blake,76.0,127.0,0.598,15,29,0.517,4.0,12.0,0.333,6.0,25.0,0.24,4.0,14.0,0.286,28.0,105.0,0.267,0.0,1.0,0.0,10.0,39.0,0.256
1626246,Boban Marjanovic,1610612742,DAL,33.0,Boban,20.0,28.0,0.714,15,29,0.517,6.0,9.0,0.667,0.0,0.0,0.0,0.0,0.0,0.0,1.0,4.0,0.25,0.0,0.0,0.0,0.0,0.0,0.0
1626171,Bobby Portis Jr.,1610612749,MIL,27.0,Bobby,134.0,216.0,0.62,85,173,0.491,65.0,146.0,0.445,24.0,54.0,0.444,29.0,78.0,0.372,80.0,202.0,0.396,0.0,2.0,0.0,53.0,132.0,0.402
203992,Bogdan Bogdanović,1610612737,ATL,29.0,Bogdan,64.0,106.0,0.604,61,128,0.477,49.0,101.0,0.485,29.0,57.0,0.509,23.0,54.0,0.426,116.0,345.0,0.336,0.0,3.0,0.0,52.0,111.0,0.468
202711,Bojan Bogdanovic,1610612762,UTA,33.0,Bojan,135.0,203.0,0.665,89,198,0.449,17.0,59.0,0.288,24.0,60.0,0.4,53.0,129.0,0.411,104.0,279.0,0.373,0.0,0.0,0.0,77.0,189.0,0.407
1629626,Bol Bol,1610612753,ORL,22.0,Bol,7.0,8.0,0.875,5,9,0.556,2.0,6.0,0.333,0.0,1.0,0.0,0.0,0.0,0.0,1.0,3.0,0.333,0.0,0.0,0.0,0.0,1.0,0.0
1630538,Bones Hyland,1610612743,DEN,21.0,Bones,56.0,94.0,0.596,21,63,0.333,22.0,56.0,0.393,16.0,37.0,0.432,3.0,26.0,0.115,112.0,293.0,0.382,0.0,2.0,0.0,19.0,63.0,0.302
202954,Brad Wanamaker,1610612764,WAS,32.0,Brad,10.0,25.0,0.4,6,13,0.462,8.0,22.0,0.364,0.0,2.0,0.0,0.0,1.0,0.0,4.0,13.0,0.308,0.0,1.0,0.0,0.0,3.0,0.0
203078,Bradley Beal,1610612764,WAS,29.0,Bradley,134.0,200.0,0.67,72,196,0.367,79.0,165.0,0.479,14.0,31.0,0.452,5.0,21.0,0.238,44.0,158.0,0.278,0.0,0.0,0.0,19.0,52.0,0.365
1630527,Brandon Boston Jr.,1610612746,LAC,20.0,Brandon,55.0,96.0,0.573,8,40,0.2,28.0,78.0,0.359,7.0,17.0,0.412,2.0,8.0,0.25,25.0,83.0,0.301,0.0,3.0,0.0,9.0,25.0,0.36
1629634,Brandon Clarke,1610612763,MEM,25.0,Brandon,186.0,247.0,0.753,88,161,0.547,9.0,17.0,0.529,1.0,5.0,0.2,2.0,10.0,0.2,2.0,7.0,0.286,0.0,0.0,0.0,3.0,15.0,0.2
1629164,Brandon Goodwin,1610612739,CLE,26.0,Brandon,29.0,49.0,0.592,13,34,0.382,3.0,16.0,0.188,1.0,4.0,0.25,1.0,4.0,0.25,17.0,45.0,0.378,0.0,2.0,0.0,2.0,8.0,0.25
1627742,Brandon Ingram,1610612740,NOP,24.0,Brandon,111.0,169.0,0.657,78,180,0.433,190.0,408.0,0.466,3.0,16.0,0.188,9.0,16.0,0.563,61.0,191.0,0.319,1.0,3.0,0.333,12.0,32.0,0.375
202688,Brandon Knight,1610612742,DAL,30.0,Brandon,6.0,7.0,0.857,0,1,0.0,0.0,0.0,0.0,0.0,1.0,0.0,0.0,1.0,0.0,4.0,14.0,0.286,0.0,1.0,0.0,0.0,2.0,0.0
1630314,Brandon Williams,1610612757,POR,22.0,Brandon,42.0,88.0,0.477,18,51,0.353,15.0,38.0,0.395,5.0,9.0,0.556,5.0,13.0,0.385,20.0,80.0,0.25,0.0,3.0,0.0,10.0,22.0,0.455
1630296,Braxton Key,1610612765,DET,25.0,Braxton,23.0,33.0,0.697,4,11,0.364,0.0,7.0,0.0,2.0,5.0,0.4,1.0,4.0,0.25,3.0,12.0,0.25,0.0,0.0,0.0,3.0,9.0,0.333
1630271,Brodric Thomas,1610612738,BOS,25.0,Brodric,6.0,7.0,0.857,0,2,0.0,0.0,0.0,0.0,0.0,1.0,0.0,0.0,0.0,0.0,2.0,8.0,0.25,0.0,0.0,0.0,0.0,1.0,0.0
201572,Brook Lopez,1610612749,MIL,34.0,Brook,34.0,44.0,0.773,8,26,0.308,0.0,8.0,0.0,1.0,2.0,0.5,8.0,16.0,0.5,10.0,35.0,0.286,0.0,0.0,0.0,9.0,18.0,0.5
1628971,Bruce Brown,1610612751,BKN,25.0,Bruce,155.0,235.0,0.66,58,150,0.387,5.0,28.0,0.179,10.0,36.0,0.278,16.0,27.0,0.593,12.0,30.0,0.4,0.0,0.0,0.0,26.0,63.0,0.413
1628981,Bruno Fernando,1610612745,HOU,23.0,Bruno,25.0,39.0,0.641,8,11,0.727,2.0,3.0,0.667,0.0,1.0,0.0,0.0,0.0,0.0,1.0,1.0,1.0,0.0,0.0,0.0,0.0,1.0,0.0
1627854,Bryn Forbes,1610612743,DEN,28.0,Bryn,17.0,30.0,0.567,40,87,0.46,54.0,129.0,0.419,22.0,33.0,0.667,8.0,19.0,0.421,90.0,241.0,0.373,0.0,0.0,0.0,30.0,52.0,0.577
1627741,Buddy Hield,1610612754,IND,29.0,Buddy,104.0,176.0,0.591,31,94,0.33,51.0,113.0,0.451,34.0,80.0,0.425,12.0,37.0,0.324,213.0,596.0,0.357,1.0,2.0,0.5,46.0,117.0,0.393
1629604,CJ Elleby,1610612757,POR,22.0,CJ,65.0,112.0,0.58,12,46,0.261,7.0,24.0,0.292,6.0,26.0,0.231,4.0,15.0,0.267,27.0,84.0,0.321,0.0,1.0,0.0,10.0,41.0,0.244
203468,CJ McCollum,1610612740,NOP,30.0,CJ,106.0,173.0,0.613,120,254,0.472,128.0,270.0,0.474,16.0,41.0,0.39,10.0,26.0,0.385,156.0,400.0,0.39,0.0,0.0,0.0,26.0,67.0,0.388
101139,CJ Miles,1610612738,BOS,35.0,CJ,,,,0,0,0.0,0.0,0.0,0.0,,,,,,,0.0,0.0,0.0,0.0,0.0,0.0,,,
1630595,Cade Cunningham,1610612765,DET,20.0,Cade,175.0,301.0,0.581,83,229,0.362,57.0,138.0,0.413,10.0,33.0,0.303,9.0,25.0,0.36,95.0,303.0,0.314,0.0,2.0,0.0,19.0,58.0,0.328
1628997,Caleb Martin,1610612748,MIA,26.0,Caleb,121.0,174.0,0.695,7,40,0.175,16.0,41.0,0.39,14.0,35.0,0.4,16.0,39.0,0.41,34.0,80.0,0.425,0.0,1.0,0.0,30.0,74.0,0.405
1629629,Cam Reddish,1610612752,NYK,22.0,Cam,56.0,101.0,0.554,23,57,0.404,20.0,66.0,0.303,15.0,26.0,0.577,10.0,30.0,0.333,41.0,128.0,0.32,0.0,0.0,0.0,25.0,56.0,0.446
1630560,Cam Thomas,1610612751,BKN,20.0,Cam,35.0,66.0,0.53,64,118,0.542,72.0,145.0,0.497,10.0,19.0,0.526,3.0,13.0,0.231,34.0,142.0,0.239,0.0,0.0,0.0,13.0,32.0,0.406
1629661,Cameron Johnson,1610612756,PHX,26.0,Cameron,73.0,97.0,0.753,32,77,0.416,8.0,42.0,0.19,26.0,62.0,0.419,43.0,88.0,0.489,97.0,240.0,0.404,0.0,1.0,0.0,69.0,150.0,0.46
1630787,Cameron McGriff,1610612757,POR,24.0,Cameron,3.0,6.0,0.5,0,1,0.0,0.0,2.0,0.0,0.0,0.0,0.0,0.0,2.0,0.0,2.0,3.0,0.667,0.0,0.0,0.0,0.0,2.0,0.0
1628419,Cameron Oliver,1610612737,ATL,25.0,Cameron,6.0,9.0,0.667,2,2,1.0,1.0,1.0,1.0,0.0,1.0,0.0,0.0,0.0,0.0,1.0,2.0,0.5,0.0,0.0,0.0,0.0,1.0,0.0
1626166,Cameron Payne,1610612756,PHX,27.0,Cameron,69.0,132.0,0.523,72,174,0.414,28.0,70.0,0.4,2.0,9.0,0.222,3.0,12.0,0.25,66.0,190.0,0.347,0.0,0.0,0.0,5.0,21.0,0.238
1627747,Caris LeVert,1610612739,CLE,27.0,Caris,133.0,214.0,0.621,125,287,0.436,39.0,97.0,0.402,3.0,15.0,0.2,7.0,19.0,0.368,72.0,222.0,0.324,0.0,0.0,0.0,10.0,34.0,0.294
1630637,Carlik Jones,1610612743,DEN,24.0,Carlik,1.0,4.0,0.25,0,0,0.0,0.0,4.0,0.0,0.0,1.0,0.0,0.0,0.0,0.0,0.0,0.0,0.0,0.0,0.0,0.0,0.0,1.0,0.0
2546,Carmelo Anthony,1610612747,LAL,38.0,Carmelo,55.0,86.0,0.64,26,59,0.441,89.0,181.0,0.492,16.0,38.0,0.421,17.0,37.0,0.459,116.0,322.0,0.36,0.0,0.0,0.0,33.0,75.0,0.44
1629035,Carsen Edwards,1610612765,DET,24.0,Carsen,2.0,7.0,0.286,0,4,0.0,3.0,3.0,1.0,1.0,1.0,1.0,0.0,0.0,0.0,3.0,15.0,0.2,0.0,0.0,0.0,1.0,1.0,1.0
1630199,Cassius Stanley,1610612765,DET,22.0,Cassius,9.0,16.0,0.563,6,11,0.545,0.0,2.0,0.0,1.0,2.0,0.5,1.0,6.0,0.167,2.0,9.0,0.222,0.0,0.0,0.0,2.0,8.0,0.25
1630216,Cassius Winston,1610612764,WAS,24.0,Cassius,0.0,1.0,0.0,1,3,0.333,1.0,1.0,1.0,0.0,1.0,0.0,0.0,0.0,0.0,2.0,5.0,0.4,0.0,0.0,0.0,0.0,1.0,0.0
1627760,Cat Barber,1610612737,ATL,27.0,Cat,0.0,2.0,0.0,0,0,0.0,0.0,2.0,0.0,,,,,,,0.0,0.0,0.0,0.0,0.0,0.0,,,
1626224,Cedi Osman,1610612739,CLE,27.0,Cedi,92.0,144.0,0.639,19,50,0.38,8.0,20.0,0.4,14.0,39.0,0.359,14.0,29.0,0.483,100.0,289.0,0.346,0.0,1.0,0.0,28.0,68.0,0.412
1628990,Chandler Hutchison,1610612756,PHX,26.0,Chandler,0.0,1.0,0.0,1,1,1.0,0.0,0.0,0.0,0.0,0.0,0.0,0.0,0.0,0.0,0.0,0.0,0.0,0.0,0.0,0.0,0.0,0.0,0.0
1629646,Charles Bassey,1610612755,PHI,21.0,Charles,21.0,29.0,0.724,8,11,0.727,1.0,3.0,0.333,0.0,0.0,0.0,0.0,1.0,0.0,0.0,3.0,0.0,0.0,0.0,0.0,0.0,1.0,0.0
1629718,Charlie Brown Jr.,1610612755,PHI,25.0,Charlie,8.0,18.0,0.444,1,5,0.2,0.0,4.0,0.0,0.0,1.0,0.0,0.0,1.0,0.0,1.0,10.0,0.1,0.0,0.0,0.0,0.0,2.0,0.0
1630602,Chaundee Brown Jr.,1610612737,ATL,23.0,Chaundee,3.0,6.0,0.5,0,5,0.0,1.0,3.0,0.333,0.0,3.0,0.0,1.0,1.0,1.0,5.0,13.0,0.385,0.0,1.0,0.0,1.0,4.0,0.25
1627767,Cheick Diallo,1610612765,DET,25.0,Cheick,2.0,6.0,0.333,1,2,0.5,0.0,0.0,0.0,0.0,0.0,0.0,0.0,0.0,0.0,0.0,0.0,0.0,0.0,0.0,0.0,0.0,0.0,0.0
1629002,Chimezie Metu,1610612758,SAC,25.0,Chimezie,85.0,124.0,0.685,42,95,0.442,19.0,44.0,0.432,4.0,20.0,0.2,15.0,39.0,0.385,38.0,127.0,0.299,0.0,0.0,0.0,19.0,59.0,0.322
1628449,Chris Boucher,1610612761,TOR,29.0,Chris,175.0,264.0,0.663,18,53,0.34,8.0,32.0,0.25,9.0,25.0,0.36,20.0,42.0,0.476,38.0,160.0,0.238,0.0,1.0,0.0,29.0,67.0,0.433
1629185,Chris Chiozza,1610612744,GSW,26.0,Chris,2.0,12.0,0.167,3,11,0.273,2.0,5.0,0.4,2.0,8.0,0.25,1.0,5.0,0.2,14.0,40.0,0.35,0.0,0.0,0.0,3.0,13.0,0.231
1630537,Chris Duarte,1610612754,IND,25.0,Chris,89.0,157.0,0.567,30,80,0.375,55.0,129.0,0.426,20.0,46.0,0.435,7.0,26.0,0.269,67.0,179.0,0.374,0.0,4.0,0.0,27.0,72.0,0.375
101108,Chris Paul,1610612756,PHX,37.0,Chris,20.0,31.0,0.645,126,209,0.603,154.0,297.0,0.519,3.0,13.0,0.231,2.0,4.0,0.5,58.0,179.0,0.324,0.0,3.0,0.0,5.0,17.0,0.294
1629735,Chris Silva,1610612748,MIA,25.0,Chris,7.0,10.0,0.7,1,4,0.25,0.0,1.0,0.0,0.0,0.0,0.0,0.0,0.0,0.0,0.0,0.0,0.0,0.0,0.0,0.0,0.0,0.0,0.0
1626174,Christian Wood,1610612745,HOU,26.0,Christian,221.0,327.0,0.676,77,159,0.484,11.0,56.0,0.196,11.0,22.0,0.5,8.0,19.0,0.421,112.0,294.0,0.381,0.0,1.0,0.0,19.0,41.0,0.463
1629643,Chuma Okeke,1610612753,ORL,23.0,Chuma,65.0,103.0,0.631,21,61,0.344,12.0,41.0,0.293,21.0,50.0,0.42,15.0,44.0,0.341,82.0,276.0,0.297,0.0,0.0,0.0,36.0,94.0,0.383
203991,Clint Capela,1610612737,ATL,28.0,Clint,329.0,497.0,0.662,39,102,0.382,2.0,4.0,0.5,0.0,0.0,0.0,0.0,0.0,0.0,0.0,0.0,0.0,0.0,1.0,0.0,0.0,0.0,0.0
1629632,Coby White,1610612741,CHI,22.0,Coby,87.0,139.0,0.626,29,80,0.363,27.0,73.0,0.37,19.0,48.0,0.396,14.0,26.0,0.538,103.0,276.0,0.373,0.0,2.0,0.0,33.0,74.0,0.446
1628998,Cody Martin,1610612766,CHA,26.0,Cody,120.0,184.0,0.652,12,43,0.279,12.0,38.0,0.316,19.0,55.0,0.345,18.0,43.0,0.419,23.0,59.0,0.39,0.0,1.0,0.0,37.0,98.0,0.378
203469,Cody Zeller,1610612757,POR,29.0,Cody,41.0,66.0,0.621,9,19,0.474,1.0,1.0,1.0,0.0,1.0,0.0,0.0,0.0,0.0,0.0,3.0,0.0,0.0,0.0,0.0,0.0,1.0,0.0
1630175,Cole Anthony,1610612753,ORL,22.0,Cole,99.0,180.0,0.55,79,195,0.405,48.0,149.0,0.322,12.0,28.0,0.429,0.0,7.0,0.0,119.0,351.0,0.339,0.0,2.0,0.0,12.0,35.0,0.343
1629012,Collin Sexton,1610612739,CLE,23.0,Collin,38.0,53.0,0.717,12,34,0.353,7.0,19.0,0.368,2.0,4.0,0.5,1.0,4.0,0.25,8.0,37.0,0.216,0.0,0.0,0.0,3.0,8.0,0.375
1630557,Corey Kispert,1610612764,WAS,23.0,Corey,83.0,110.0,0.755,29,57,0.509,10.0,28.0,0.357,30.0,63.0,0.476,15.0,45.0,0.333,67.0,211.0,0.318,0.0,0.0,0.0,45.0,108.0,0.417
202709,Cory Joseph,1610612765,DET,30.0,Cory,65.0,116.0,0.56,30,70,0.429,18.0,56.0,0.321,12.0,28.0,0.429,7.0,13.0,0.538,46.0,115.0,0.4,0.0,2.0,0.0,19.0,41.0,0.463
1628591,Craig Sword,1610612764,WAS,28.0,Craig,3.0,3.0,1.0,0,0,0.0,0.0,0.0,0.0,0.0,1.0,0.0,0.0,0.0,0.0,0.0,0.0,0.0,0.0,0.0,0.0,0.0,1.0,0.0
1626156,D'Angelo Russell,1610612750,MIN,26.0,D'Angelo,92.0,143.0,0.643,62,143,0.434,72.0,174.0,0.414,14.0,31.0,0.452,5.0,15.0,0.333,156.0,466.0,0.335,0.0,3.0,0.0,19.0,46.0,0.413
201571,D.J. Augustin,1610612747,LAL,34.0,D.J.,19.0,35.0,0.543,5,14,0.357,2.0,9.0,0.222,10.0,22.0,0.455,9.0,18.0,0.5,49.0,124.0,0.395,0.0,0.0,0.0,19.0,40.0,0.475
1628391,D.J. Wilson,1610612761,TOR,26.0,D.J.,6.0,6.0,1.0,2,4,0.5,3.0,3.0,1.0,0.0,0.0,0.0,0.0,1.0,0.0,0.0,1.0,0.0,0.0,0.0,0.0,0.0,1.0,0.0
1629610,DaQuan Jeffries,1610612763,MEM,24.0,DaQuan,1.0,1.0,1.0,0,0,0.0,0.0,0.0,0.0,0.0,0.0,0.0,0.0,1.0,0.0,0.0,0.0,0.0,0.0,0.0,0.0,0.0,1.0,0.0
1630227,Daishen Nix,1610612745,HOU,20.0,Daishen,18.0,29.0,0.621,2,11,0.182,0.0,1.0,0.0,0.0,2.0,0.0,1.0,2.0,0.5,6.0,21.0,0.286,0.0,1.0,0.0,1.0,4.0,0.25
1629751,Dakota Mathias,1610612763,MEM,26.0,Dakota,0.0,0.0,0.0,0,0,0.0,0.0,0.0,0.0,1.0,1.0,1.0,0.0,0.0,0.0,1.0,5.0,0.2,0.0,0.0,0.0,1.0,1.0,1.0
1630625,Dalano Banton,1610612761,TOR,22.0,Dalano,50.0,83.0,0.602,11,44,0.25,9.0,24.0,0.375,2.0,10.0,0.2,1.0,3.0,0.333,9.0,37.0,0.243,1.0,1.0,1.0,3.0,13.0,0.231
1627745,Damian Jones,1610612758,SAC,27.0,Damian,130.0,156.0,0.833,19,50,0.38,16.0,31.0,0.516,2.0,5.0,0.4,0.0,2.0,0.0,8.0,21.0,0.381,0.0,1.0,0.0,2.0,7.0,0.286
203081,Damian Lillard,1610612757,POR,31.0,Damian,78.0,144.0,0.542,14,34,0.412,38.0,90.0,0.422,2.0,10.0,0.2,4.0,7.0,0.571,86.0,267.0,0.322,0.0,0.0,0.0,6.0,17.0,0.353
1627814,Damion Lee,1610612744,GSW,29.0,Damion,69.0,84.0,0.821,21,53,0.396,16.0,59.0,0.271,17.0,41.0,0.415,7.0,34.0,0.206,39.0,110.0,0.355,0.0,2.0,0.0,24.0,75.0,0.32
1628422,Damyean Dotson,1610612752,NYK,28.0,Damyean,1.0,1.0,1.0,0,1,0.0,1.0,1.0,1.0,0.0,0.0,0.0,0.0,1.0,0.0,0.0,0.0,0.0,0.0,0.0,0.0,0.0,1.0,0.0
1629655,Daniel Gafford,1610612764,WAS,23.0,Daniel,256.0,325.0,0.788,27,74,0.365,2.0,11.0,0.182,0.0,0.0,0.0,0.0,0.0,0.0,0.0,1.0,0.0,0.0,0.0,0.0,0.0,0.0,0.0
1630187,Daniel Oturu,1610612761,TOR,22.0,Daniel,3.0,4.0,0.75,0,1,0.0,0.0,0.0,0.0,0.0,0.0,0.0,0.0,0.0,0.0,0.0,1.0,0.0,0.0,0.0,0.0,0.0,0.0,0.0
1628464,Daniel Theis,1610612738,BOS,30.0,Daniel,88.0,118.0,0.746,22,43,0.512,8.0,24.0,0.333,6.0,14.0,0.429,4.0,14.0,0.286,23.0,77.0,0.299,0.0,1.0,0.0,10.0,28.0,0.357
201568,Danilo Gallinari,1610612737,ATL,33.0,Danilo,53.0,80.0,0.663,32,71,0.451,62.0,153.0,0.405,8.0,17.0,0.471,10.0,20.0,0.5,93.0,254.0,0.366,1.0,2.0,0.5,18.0,37.0,0.486
201980,Danny Green,1610612755,PHI,35.0,Danny,15.0,26.0,0.577,4,13,0.308,6.0,15.0,0.4,20.0,53.0,0.377,37.0,85.0,0.435,44.0,127.0,0.346,0.0,1.0,0.0,57.0,138.0,0.413
1627863,Danuel House Jr.,1610612762,UTA,29.0,Danuel,28.0,49.0,0.571,2,18,0.111,6.0,14.0,0.429,5.0,20.0,0.25,19.0,43.0,0.442,20.0,53.0,0.377,0.0,1.0,0.0,24.0,63.0,0.381
1629647,Darius Bazley,1610612760,OKC,22.0,Darius,146.0,251.0,0.582,44,114,0.386,4.0,15.0,0.267,15.0,33.0,0.455,9.0,38.0,0.237,56.0,197.0,0.284,0.0,1.0,0.0,24.0,71.0,0.338
1629636,Darius Garland,1610612739,CLE,22.0,Darius,151.0,263.0,0.574,114,236,0.483,102.0,218.0,0.468,14.0,31.0,0.452,7.0,27.0,0.259,153.0,396.0,0.386,1.0,2.0,0.5,21.0,58.0,0.362
201954,Darren Collison,1610612747,LAL,34.0,Darren,2.0,2.0,1.0,0,0,0.0,0.0,2.0,0.0,0.0,3.0,0.0,0.0,0.0,0.0,0.0,0.0,0.0,0.0,0.0,0.0,0.0,3.0,0.0
1630561,David Duke Jr.,1610612751,BKN,22.0,David,27.0,55.0,0.491,1,9,0.111,2.0,7.0,0.286,3.0,13.0,0.231,3.0,7.0,0.429,3.0,17.0,0.176,0.0,0.0,0.0,6.0,20.0,0.3
1630525,David Johnson,1610612761,TOR,21.0,David,0.0,0.0,0.0,0,0,0.0,0.0,0.0,0.0,,,,0.0,0.0,0.0,0.0,1.0,0.0,,,,0.0,0.0,0.0
1628021,David Nwaba,1610612745,HOU,29.0,David,64.0,102.0,0.627,6,25,0.24,0.0,0.0,0.0,4.0,10.0,0.4,2.0,11.0,0.182,9.0,28.0,0.321,0.0,0.0,0.0,6.0,21.0,0.286
1630558,Davion Mitchell,1610612758,SAC,23.0,Davion,123.0,205.0,0.6,50,124,0.403,78.0,194.0,0.402,6.0,28.0,0.214,9.0,14.0,0.643,86.0,274.0,0.314,0.0,4.0,0.0,15.0,42.0,0.357
202722,Davis Bertans,1610612742,DAL,29.0,Davis,16.0,24.0,0.667,3,14,0.214,3.0,7.0,0.429,12.0,30.0,0.4,13.0,22.0,0.591,52.0,177.0,0.294,0.0,1.0,0.0,25.0,52.0,0.481
1628432,Davon Reed,1610612743,DEN,27.0,Davon,18.0,29.0,0.621,12,21,0.571,14.0,25.0,0.56,7.0,19.0,0.368,3.0,7.0,0.429,27.0,60.0,0.45,0.0,0.0,0.0,10.0,26.0,0.385
1630549,Day'Ron Sharpe,1610612751,BKN,20.0,Day'Ron,79.0,122.0,0.648,4,17,0.235,1.0,3.0,0.333,0.0,0.0,0.0,1.0,1.0,1.0,1.0,6.0,0.167,0.0,0.0,0.0,1.0,1.0,1.0
1628368,De'Aaron Fox,1610612758,SAC,24.0,De'Aaron,185.0,284.0,0.651,159,344,0.462,98.0,215.0,0.456,8.0,26.0,0.308,0.0,9.0,0.0,66.0,214.0,0.308,0.0,0.0,0.0,8.0,35.0,0.229
1629631,De'Andre Hunter,1610612737,ATL,24.0,De'Andre,89.0,149.0,0.597,49,118,0.415,42.0,113.0,0.372,22.0,47.0,0.468,10.0,35.0,0.286,42.0,113.0,0.372,0.0,0.0,0.0,32.0,82.0,0.39
1629001,De'Anthony Melton,1610612763,MEM,24.0,De'Anthony,77.0,140.0,0.55,46,118,0.39,18.0,64.0,0.281,18.0,31.0,0.581,13.0,32.0,0.406,109.0,307.0,0.355,0.0,3.0,0.0,31.0,63.0,0.492
201599,DeAndre Jordan,1610612755,PHI,33.0,DeAndre,91.0,132.0,0.689,1,9,0.111,0.0,2.0,0.0,0.0,0.0,0.0,0.0,0.0,0.0,0.0,0.0,0.0,0.0,0.0,0.0,0.0,0.0,0.0
1627761,DeAndre' Bembry,1610612749,MIL,27.0,DeAndre',96.0,148.0,0.649,13,35,0.371,0.0,2.0,0.0,6.0,11.0,0.545,6.0,11.0,0.545,3.0,14.0,0.214,0.0,0.0,0.0,12.0,22.0,0.545
1630610,DeJon Jarreau,1610612754,IND,24.0,DeJon,0.0,0.0,0.0,0,0,0.0,,,,,,,,,,0.0,0.0,0.0,,,,,,
201942,DeMar DeRozan,1610612741,CHI,32.0,DeMar,188.0,293.0,0.642,188,359,0.524,348.0,741.0,0.47,11.0,29.0,0.379,7.0,28.0,0.25,32.0,81.0,0.395,0.0,4.0,0.0,18.0,57.0,0.316
202326,DeMarcus Cousins,1610612743,DEN,31.0,DeMarcus,89.0,144.0,0.618,20,47,0.426,3.0,11.0,0.273,1.0,5.0,0.2,1.0,2.0,0.5,35.0,115.0,0.304,0.0,0.0,0.0,2.0,7.0,0.286
1629731,Dean Wade,1610612739,CLE,25.0,Dean,34.0,47.0,0.723,7,14,0.5,7.0,14.0,0.5,5.0,21.0,0.238,4.0,18.0,0.222,42.0,103.0,0.408,0.0,0.0,0.0,9.0,39.0,0.231
1629028,Deandre Ayton,1610612756,PHX,23.0,Deandre,211.0,276.0,0.764,172,287,0.599,52.0,115.0,0.452,0.0,0.0,0.0,0.0,0.0,0.0,7.0,19.0,0.368,0.0,0.0,0.0,0.0,0.0,0.0
1629686,Deividas Sirvydis,1610612765,DET,22.0,Deividas,0.0,2.0,0.0,0,1,0.0,0.0,0.0,0.0,0.0,0.0,0.0,0.0,1.0,0.0,1.0,6.0,0.167,0.0,0.0,0.0,0.0,1.0,0.0
1627749,Dejounte Murray,1610612759,SAS,25.0,Dejounte,197.0,308.0,0.64,146,322,0.453,134.0,318.0,0.421,10.0,36.0,0.278,7.0,21.0,0.333,79.0,236.0,0.335,0.0,0.0,0.0,17.0,57.0,0.298
1626153,Delon Wright,1610612737,ATL,30.0,Delon,55.0,87.0,0.632,16,47,0.34,7.0,19.0,0.368,4.0,12.0,0.333,4.0,17.0,0.235,36.0,84.0,0.429,0.0,3.0,0.0,8.0,29.0,0.276
1630166,Deni Avdija,1610612764,WAS,21.0,Deni,111.0,176.0,0.631,47,113,0.416,10.0,31.0,0.323,7.0,30.0,0.233,12.0,38.0,0.316,63.0,190.0,0.332,0.0,1.0,0.0,19.0,68.0,0.279
203471,Dennis Schröder,1610612745,HOU,28.0,Dennis,108.0,170.0,0.635,59,154,0.383,59.0,151.0,0.391,8.0,22.0,0.364,4.0,8.0,0.5,74.0,218.0,0.339,0.0,1.0,0.0,12.0,30.0,0.4
1628372,Dennis Smith Jr.,1610612757,POR,24.0,Dennis,48.0,89.0,0.539,15,48,0.313,10.0,25.0,0.4,1.0,3.0,0.333,1.0,3.0,0.333,4.0,21.0,0.19,0.0,0.0,0.0,2.0,6.0,0.333
1627756,Denzel Valentine,1610612762,UTA,28.0,Denzel,3.0,4.0,0.75,3,12,0.25,0.0,3.0,0.0,6.0,13.0,0.462,3.0,7.0,0.429,10.0,27.0,0.37,0.0,0.0,0.0,9.0,20.0,0.45
202324,Derrick Favors,1610612760,OKC,30.0,Derrick,45.0,69.0,0.652,23,44,0.523,24.0,53.0,0.453,0.0,6.0,0.0,1.0,8.0,0.125,1.0,2.0,0.5,0.0,0.0,0.0,1.0,14.0,0.071
1627884,Derrick Jones Jr.,1610612741,CHI,25.0,Derrick,78.0,116.0,0.672,6,17,0.353,2.0,2.0,1.0,12.0,28.0,0.429,4.0,13.0,0.308,3.0,19.0,0.158,0.0,0.0,0.0,16.0,41.0,0.39
201565,Derrick Rose,1610612752,NYK,33.0,Derrick,46.0,79.0,0.582,28,63,0.444,11.0,40.0,0.275,3.0,7.0,0.429,3.0,10.0,0.3,31.0,74.0,0.419,0.0,1.0,0.0,6.0,17.0,0.353
1628476,Derrick Walton Jr.,1610612765,DET,27.0,Derrick,2.0,4.0,0.5,0,4,0.0,1.0,5.0,0.2,0.0,0.0,0.0,1.0,1.0,1.0,2.0,12.0,0.167,0.0,0.0,0.0,1.0,1.0,1.0
1628401,Derrick White,1610612738,BOS,27.0,Derrick,100.0,171.0,0.585,96,192,0.5,26.0,70.0,0.371,7.0,25.0,0.28,15.0,50.0,0.3,93.0,291.0,0.32,0.0,1.0,0.0,22.0,75.0,0.293
1630217,Desmond Bane,1610612763,MEM,24.0,Desmond,132.0,203.0,0.65,72,193,0.373,76.0,182.0,0.418,27.0,71.0,0.38,13.0,32.0,0.406,188.0,419.0,0.449,0.0,1.0,0.0,40.0,103.0,0.388
1626164,Devin Booker,1610612756,PHX,25.0,Devin,132.0,194.0,0.68,130,285,0.456,219.0,467.0,0.469,11.0,30.0,0.367,15.0,36.0,0.417,155.0,407.0,0.381,0.0,2.0,0.0,26.0,66.0,0.394
1629962,Devin Cannady,1610612753,ORL,26.0,Devin,0.0,2.0,0.0,0,3,0.0,0.0,2.0,0.0,5.0,10.0,0.5,2.0,2.0,1.0,8.0,25.0,0.32,0.0,0.0,0.0,7.0,12.0,0.583
1630170,Devin Vassell,1610612759,SAS,21.0,Devin,74.0,113.0,0.655,52,125,0.416,63.0,146.0,0.432,10.0,59.0,0.169,36.0,70.0,0.514,91.0,250.0,0.364,0.0,1.0,0.0,46.0,129.0,0.357
1629653,Devon Dotson,1610612741,CHI,22.0,Devon,9.0,11.0,0.818,0,1,0.0,0.0,2.0,0.0,0.0,3.0,0.0,0.0,0.0,0.0,2.0,6.0,0.333,0.0,0.0,0.0,0.0,3.0,0.0
1629719,Devontae Cacok,1610612759,SAS,25.0,Devontae,11.0,15.0,0.733,10,16,0.625,0.0,0.0,0.0,0.0,0.0,0.0,0.0,0.0,0.0,0.0,0.0,0.0,0.0,0.0,0.0,0.0,0.0,0.0
1628984,Devonte' Graham,1610612740,NOP,27.0,Devonte',45.0,80.0,0.563,21,63,0.333,40.0,111.0,0.36,17.0,39.0,0.436,12.0,39.0,0.308,160.0,479.0,0.334,1.0,4.0,0.25,29.0,78.0,0.372
203473,Dewayne Dedmon,1610612748,MIA,32.0,Dewayne,108.0,160.0,0.675,28,57,0.491,9.0,26.0,0.346,0.0,2.0,0.0,2.0,4.0,0.5,17.0,40.0,0.425,0.0,1.0,0.0,2.0,6.0,0.333
1629712,Didi Louzada,1610612757,POR,22.0,Didi,1.0,3.0,0.333,0,5,0.0,2.0,2.0,1.0,2.0,3.0,0.667,1.0,4.0,0.25,6.0,16.0,0.375,0.0,0.0,0.0,3.0,7.0,0.429
1628415,Dillon Brooks,1610612763,MEM,26.0,Dillon,85.0,136.0,0.625,57,143,0.399,39.0,98.0,0.398,7.0,17.0,0.412,2.0,8.0,0.25,37.0,121.0,0.306,0.0,3.0,0.0,9.0,25.0,0.36
1627734,Domantas Sabonis,1610612758,SAC,26.0,Domantas,318.0,444.0,0.716,71,143,0.497,15.0,61.0,0.246,2.0,12.0,0.167,2.0,5.0,0.4,35.0,108.0,0.324,0.0,0.0,0.0,4.0,17.0,0.235
1628378,Donovan Mitchell,1610612762,UTA,25.0,Donovan,181.0,277.0,0.653,137,292,0.469,67.0,153.0,0.438,13.0,33.0,0.394,12.0,34.0,0.353,207.0,585.0,0.354,0.0,2.0,0.0,25.0,67.0,0.373
1628978,Donte DiVincenzo,1610612758,SAC,25.0,Donte,30.0,65.0,0.462,10,35,0.286,4.0,18.0,0.222,11.0,26.0,0.423,9.0,21.0,0.429,54.0,170.0,0.318,0.0,1.0,0.0,20.0,47.0,0.426
1627827,Dorian Finney-Smith,1610612742,DAL,29.0,Dorian,130.0,186.0,0.699,19,54,0.352,5.0,17.0,0.294,46.0,101.0,0.455,38.0,83.0,0.458,88.0,249.0,0.353,0.0,2.0,0.0,84.0,184.0,0.457
203926,Doug McDermott,1610612759,SAS,30.0,Doug,66.0,106.0,0.623,23,66,0.348,18.0,38.0,0.474,16.0,36.0,0.444,11.0,16.0,0.688,81.0,203.0,0.399,0.0,0.0,0.0,27.0,52.0,0.519
203110,Draymond Green,1610612744,GSW,32.0,Draymond,75.0,103.0,0.728,40,85,0.471,4.0,15.0,0.267,0.0,5.0,0.0,2.0,7.0,0.286,14.0,38.0,0.368,0.0,4.0,0.0,2.0,12.0,0.167
1629234,Drew Eubanks,1610612757,POR,25.0,Drew,126.0,184.0,0.685,80,137,0.584,10.0,27.0,0.37,1.0,1.0,1.0,0.0,3.0,0.0,4.0,19.0,0.211,0.0,0.0,0.0,1.0,4.0,0.25
1630613,Duane Washington Jr.,1610612754,IND,22.0,Duane,53.0,102.0,0.52,20,60,0.333,19.0,50.0,0.38,26.0,51.0,0.51,9.0,23.0,0.391,46.0,139.0,0.331,0.0,2.0,0.0,35.0,74.0,0.473
1629130,Duncan Robinson,1610612748,MIA,28.0,Duncan,39.0,61.0,0.639,11,26,0.423,9.0,16.0,0.563,38.0,91.0,0.418,28.0,67.0,0.418,165.0,465.0,0.355,0.0,0.0,0.0,66.0,158.0,0.418
2730,Dwight Howard,1610612747,LAL,36.0,Dwight,118.0,167.0,0.707,8,32,0.25,0.0,5.0,0.0,0.0,0.0,0.0,2.0,2.0,1.0,6.0,13.0,0.462,0.0,0.0,0.0,2.0,2.0,1.0
203939,Dwight Powell,1610612742,DAL,30.0,Dwight,240.0,310.0,0.774,13,41,0.317,3.0,13.0,0.231,3.0,6.0,0.5,2.0,2.0,1.0,8.0,29.0,0.276,0.0,0.0,0.0,5.0,8.0,0.625
1629685,Dylan Windler,1610612739,CLE,25.0,Dylan,13.0,22.0,0.591,3,6,0.5,0.0,0.0,0.0,4.0,16.0,0.25,7.0,17.0,0.412,10.0,37.0,0.27,0.0,0.0,0.0,11.0,33.0,0.333
202334,Ed Davis,1610612739,CLE,33.0,Ed,9.0,12.0,0.75,2,4,0.5,0.0,0.0,0.0,0.0,0.0,0.0,0.0,0.0,0.0,0.0,0.0,0.0,0.0,0.0,0.0,0.0,0.0,0.0
203901,Elfrid Payton,1610612756,PHX,28.0,Elfrid,30.0,63.0,0.476,29,76,0.382,4.0,18.0,0.222,0.0,0.0,0.0,1.0,8.0,0.125,3.0,10.0,0.3,0.0,0.0,0.0,1.0,8.0,0.125
1630190,Elijah Hughes,1610612757,POR,24.0,Elijah,10.0,15.0,0.667,7,17,0.412,6.0,18.0,0.333,1.0,12.0,0.083,5.0,14.0,0.357,18.0,66.0,0.273,0.0,2.0,0.0,6.0,26.0,0.231
1629150,Emanuel Terry,1610612756,PHX,25.0,Emanuel,0.0,3.0,0.0,0,2,0.0,0.0,0.0,0.0,0.0,0.0,0.0,0.0,0.0,0.0,0.0,0.0,0.0,0.0,0.0,0.0,0.0,0.0,0.0
1626144,Emmanuel Mudiay,1610612758,SAC,26.0,Emmanuel,0.0,0.0,0.0,0,1,0.0,0.0,1.0,0.0,0.0,0.0,0.0,0.0,0.0,0.0,0.0,0.0,0.0,0.0,0.0,0.0,0.0,0.0,0.0
202683,Enes Freedom,1610612738,BOS,30.0,Enes,40.0,69.0,0.58,6,18,0.333,3.0,5.0,0.6,1.0,1.0,1.0,0.0,0.0,0.0,1.0,4.0,0.25,0.0,0.0,0.0,1.0,1.0,1.0
202339,Eric Bledsoe,1610612757,POR,32.0,Eric,80.0,133.0,0.602,41,92,0.446,25.0,80.0,0.313,3.0,10.0,0.3,4.0,12.0,0.333,44.0,139.0,0.317,0.0,2.0,0.0,7.0,22.0,0.318
201569,Eric Gordon,1610612745,HOU,33.0,Eric,103.0,158.0,0.652,37,92,0.402,4.0,13.0,0.308,4.0,10.0,0.4,6.0,11.0,0.545,114.0,280.0,0.407,0.0,0.0,0.0,10.0,21.0,0.476
1629672,Eric Paschall,1610612762,UTA,25.0,Eric,57.0,89.0,0.64,14,31,0.452,4.0,9.0,0.444,10.0,28.0,0.357,13.0,30.0,0.433,16.0,46.0,0.348,0.0,2.0,0.0,23.0,58.0,0.397
1630647,Eugene Omoruyi,1610612742,DAL,25.0,Eugene,1.0,1.0,1.0,0,0,0.0,0.0,2.0,0.0,0.0,0.0,0.0,0.0,1.0,0.0,1.0,1.0,1.0,0.0,0.0,0.0,0.0,1.0,0.0
203095,Evan Fournier,1610612752,NYK,29.0,Evan,57.0,103.0,0.553,53,131,0.405,52.0,114.0,0.456,57.0,122.0,0.467,20.0,53.0,0.377,163.0,440.0,0.37,0.0,2.0,0.0,77.0,175.0,0.44
1630596,Evan Mobley,1610612739,CLE,21.0,Evan,247.0,340.0,0.726,101,263,0.384,51.0,135.0,0.378,3.0,10.0,0.3,4.0,11.0,0.364,16.0,70.0,0.229,0.0,1.0,0.0,7.0,21.0,0.333
1630267,Facundo Campazzo,1610612743,DEN,31.0,Facundo,35.0,60.0,0.583,10,33,0.303,4.0,10.0,0.4,8.0,22.0,0.364,3.0,16.0,0.188,47.0,146.0,0.322,0.0,9.0,0.0,11.0,38.0,0.289
1630624,Feron Hunt,1610612752,NYK,22.0,Feron,0.0,2.0,0.0,0,0,0.0,0.0,0.0,0.0,,,,0.0,0.0,0.0,0.0,0.0,0.0,,,,0.0,0.0,0.0
1628402,Frank Jackson,1610612765,DET,24.0,Frank,62.0,100.0,0.62,30,69,0.435,16.0,35.0,0.457,19.0,52.0,0.365,20.0,43.0,0.465,47.0,184.0,0.255,0.0,0.0,0.0,39.0,95.0,0.411
1626163,Frank Kaminsky,1610612756,PHX,29.0,Frank,16.0,27.0,0.593,15,23,0.652,0.0,1.0,0.0,0.0,1.0,0.0,0.0,0.0,0.0,5.0,14.0,0.357,0.0,0.0,0.0,0.0,1.0,0.0
1628373,Frank Ntilikina,1610612742,DAL,23.0,Frank,14.0,31.0,0.452,19,43,0.442,17.0,38.0,0.447,5.0,13.0,0.385,7.0,24.0,0.292,27.0,73.0,0.37,0.0,1.0,0.0,12.0,37.0,0.324
1630532,Franz Wagner,1610612753,ORL,20.0,Franz,236.0,395.0,0.597,112,270,0.415,12.0,39.0,0.308,20.0,36.0,0.556,9.0,30.0,0.3,67.0,205.0,0.327,0.0,0.0,0.0,29.0,66.0,0.439
1627832,Fred VanVleet,1610612761,TOR,28.0,Fred,74.0,133.0,0.556,44,135,0.326,85.0,191.0,0.445,20.0,42.0,0.476,21.0,50.0,0.42,198.0,540.0,0.367,0.0,6.0,0.0,41.0,92.0,0.446
1630273,Freddie Gillespie,1610612753,ORL,25.0,Freddie,2.0,8.0,0.25,7,11,0.636,0.0,2.0,0.0,0.0,0.0,0.0,0.0,1.0,0.0,0.0,0.0,0.0,0.0,0.0,0.0,0.0,1.0,0.0
1627788,Furkan Korkmaz,1610612755,PHI,24.0,Furkan,67.0,99.0,0.677,23,65,0.354,15.0,44.0,0.341,7.0,28.0,0.25,8.0,32.0,0.25,62.0,200.0,0.31,0.0,2.0,0.0,15.0,60.0,0.25
1629216,Gabe Vincent,1610612748,MIA,26.0,Gabe,47.0,85.0,0.553,25,45,0.556,24.0,61.0,0.393,21.0,48.0,0.438,14.0,36.0,0.389,83.0,233.0,0.356,0.0,5.0,0.0,35.0,84.0,0.417
1628221,Gabe York,1610612754,IND,28.0,Gabe,0.0,0.0,0.0,1,1,1.0,0.0,0.0,0.0,0.0,1.0,0.0,,,,1.0,5.0,0.2,0.0,0.0,0.0,0.0,1.0,0.0
1630466,Gabriel Deck,1610612760,OKC,27.0,Gabriel,3.0,5.0,0.6,2,2,1.0,1.0,3.0,0.333,1.0,1.0,1.0,1.0,1.0,1.0,0.0,2.0,0.0,0.0,0.0,0.0,2.0,2.0,1.0
1630994,Gabriel Lundberg,1610612756,PHX,27.0,Gabriel,0.0,3.0,0.0,0,1,0.0,2.0,7.0,0.286,0.0,0.0,0.0,0.0,0.0,0.0,3.0,8.0,0.375,0.0,0.0,0.0,0.0,0.0,0.0
202066,Garrett Temple,1610612740,NOP,36.0,Garrett,37.0,60.0,0.617,8,24,0.333,7.0,26.0,0.269,17.0,52.0,0.327,11.0,36.0,0.306,31.0,97.0,0.32,0.0,0.0,0.0,28.0,88.0,0.318
1629726,Garrison Mathews,1610612745,HOU,25.0,Garrison,40.0,55.0,0.727,3,13,0.231,2.0,7.0,0.286,25.0,70.0,0.357,7.0,26.0,0.269,107.0,290.0,0.369,0.0,0.0,0.0,32.0,96.0,0.333
1629109,Gary Clark,1610612740,NOP,27.0,Gary,1.0,10.0,0.1,4,7,0.571,0.0,2.0,0.0,12.0,20.0,0.6,8.0,21.0,0.381,8.0,28.0,0.286,0.0,0.0,0.0,20.0,41.0,0.488
203914,Gary Harris,1610612753,ORL,27.0,Gary,72.0,114.0,0.632,28,61,0.459,24.0,77.0,0.312,45.0,91.0,0.495,21.0,51.0,0.412,50.0,159.0,0.314,0.0,0.0,0.0,66.0,142.0,0.465
1627780,Gary Payton II,1610612744,GSW,29.0,Gary,140.0,174.0,0.805,28,48,0.583,1.0,2.0,0.5,14.0,35.0,0.4,15.0,39.0,0.385,14.0,45.0,0.311,0.0,1.0,0.0,29.0,74.0,0.392
1629018,Gary Trent Jr.,1610612761,TOR,23.0,Gary,67.0,121.0,0.554,73,173,0.422,101.0,248.0,0.407,22.0,62.0,0.355,18.0,48.0,0.375,169.0,433.0,0.39,0.0,1.0,0.0,40.0,110.0,0.364
201588,George Hill,1610612749,MIL,36.0,George,57.0,85.0,0.671,11,37,0.297,9.0,19.0,0.474,10.0,32.0,0.313,11.0,20.0,0.55,20.0,81.0,0.247,0.0,1.0,0.0,21.0,52.0,0.404
1628994,George King,1610612742,DAL,28.0,George,0.0,1.0,0.0,0,0,0.0,0.0,0.0,0.0,0.0,1.0,0.0,0.0,2.0,0.0,0.0,1.0,0.0,,,,0.0,3.0,0.0
1627777,Georges Niang,1610612755,PHI,29.0,Georges,52.0,82.0,0.634,31,74,0.419,7.0,24.0,0.292,29.0,67.0,0.433,17.0,56.0,0.304,110.0,259.0,0.425,0.0,1.0,0.0,46.0,123.0,0.374
1630686,Georgios Kalaitzakis,1610612760,OKC,23.0,Georgios,15.0,23.0,0.652,5,11,0.455,1.0,7.0,0.143,0.0,1.0,0.0,1.0,3.0,0.333,9.0,22.0,0.409,0.0,0.0,0.0,1.0,4.0,0.25
203507,Giannis Antetokounmpo,1610612749,MIL,27.0,Giannis,444.0,580.0,0.766,89,218,0.408,85.0,205.0,0.415,1.0,4.0,0.25,0.0,2.0,0.0,70.0,234.0,0.299,0.0,2.0,0.0,1.0,6.0,0.167
1629048,Goga Bitadze,1610612754,IND,22.0,Goga,95.0,134.0,0.709,12,35,0.343,1.0,3.0,0.333,0.0,2.0,0.0,1.0,3.0,0.333,22.0,75.0,0.293,0.0,0.0,0.0,1.0,5.0,0.2
201609,Goran Dragic,1610612751,BKN,36.0,Goran,21.0,35.0,0.6,15,30,0.5,5.0,23.0,0.217,3.0,9.0,0.333,1.0,4.0,0.25,12.0,50.0,0.24,0.0,0.0,0.0,4.0,13.0,0.308
202330,Gordon Hayward,1610612766,CHA,32.0,Gordon,100.0,161.0,0.621,42,124,0.339,55.0,112.0,0.491,12.0,24.0,0.5,8.0,23.0,0.348,66.0,173.0,0.382,0.0,0.0,0.0,20.0,47.0,0.426
203476,Gorgui Dieng,1610612737,ATL,32.0,Gorgui,11.0,16.0,0.688,3,7,0.429,10.0,21.0,0.476,1.0,4.0,0.25,1.0,1.0,1.0,27.0,63.0,0.429,0.0,0.0,0.0,2.0,5.0,0.4
1629684,Grant Williams,1610612738,BOS,23.0,Grant,76.0,103.0,0.738,20,55,0.364,3.0,16.0,0.188,25.0,57.0,0.439,36.0,73.0,0.493,45.0,128.0,0.352,0.0,0.0,0.0,61.0,130.0,0.469
1628960,Grayson Allen,1610612749,MIL,26.0,Grayson,66.0,100.0,0.66,20,58,0.345,10.0,23.0,0.435,31.0,63.0,0.492,16.0,40.0,0.4,112.0,285.0,0.393,0.0,0.0,0.0,47.0,103.0,0.456
1630535,Greg Brown III,1610612757,POR,20.0,Greg,55.0,96.0,0.573,5,19,0.263,2.0,14.0,0.143,4.0,16.0,0.25,2.0,7.0,0.286,13.0,38.0,0.342,0.0,0.0,0.0,6.0,23.0,0.261
202328,Greg Monroe,1610612750,MIN,32.0,Greg,27.0,42.0,0.643,5,13,0.385,0.0,2.0,0.0,0.0,0.0,0.0,0.0,0.0,0.0,0.0,0.0,0.0,0.0,0.0,0.0,0.0,0.0,0.0
1628977,Hamidou Diallo,1610612765,DET,23.0,Hamidou,144.0,223.0,0.646,65,132,0.492,29.0,78.0,0.372,6.0,32.0,0.188,7.0,17.0,0.412,10.0,42.0,0.238,0.0,2.0,0.0,13.0,49.0,0.265
203084,Harrison Barnes,1610612758,SAC,30.0,Harrison,162.0,259.0,0.625,71,175,0.406,16.0,40.0,0.4,26.0,63.0,0.413,30.0,53.0,0.566,86.0,244.0,0.352,0.0,0.0,0.0,56.0,116.0,0.483
202355,Hassan Whiteside,1610612762,UTA,33.0,Hassan,169.0,215.0,0.786,44,103,0.427,2.0,12.0,0.167,0.0,0.0,0.0,0.0,0.0,0.0,0.0,0.0,0.0,0.0,0.0,0.0,0.0,0.0,0.0
1629755,Hassani Gravett,1610612753,ORL,25.0,Hassani,1.0,4.0,0.25,4,5,0.8,2.0,3.0,0.667,3.0,4.0,0.75,1.0,2.0,0.5,7.0,19.0,0.368,0.0,1.0,0.0,4.0,6.0,0.667
1629312,Haywood Highsmith,1610612748,MIA,25.0,Haywood,3.0,11.0,0.273,3,4,0.75,1.0,3.0,0.333,5.0,10.0,0.5,1.0,7.0,0.143,3.0,11.0,0.273,0.0,0.0,0.0,6.0,17.0,0.353
1630529,Herbert Jones,1610612740,NOP,23.0,Herbert,177.0,268.0,0.66,24,94,0.255,16.0,45.0,0.356,21.0,56.0,0.375,9.0,33.0,0.273,27.0,79.0,0.342,0.0,1.0,0.0,30.0,89.0,0.337
1629649,Ignas Brazdeikis,1610612753,ORL,23.0,Ignas,40.0,66.0,0.606,11,28,0.393,4.0,8.0,0.5,3.0,14.0,0.214,6.0,15.0,0.4,17.0,57.0,0.298,0.0,0.0,0.0,9.0,29.0,0.31
1630193,Immanuel Quickley,1610612752,NYK,23.0,Immanuel,49.0,80.0,0.613,68,167,0.407,30.0,81.0,0.37,6.0,19.0,0.316,10.0,23.0,0.435,121.0,354.0,0.342,0.0,0.0,0.0,16.0,42.0,0.381
1629067,Isaac Bonga,1610612761,TOR,22.0,Isaac,1.0,5.0,0.2,1,3,0.333,0.0,1.0,0.0,0.0,1.0,0.0,1.0,3.0,0.333,0.0,0.0,0.0,0.0,0.0,0.0,1.0,4.0,0.25
1630171,Isaac Okoro,1610612739,CLE,21.0,Isaac,142.0,227.0,0.626,7,37,0.189,3.0,11.0,0.273,14.0,40.0,0.35,29.0,80.0,0.363,12.0,36.0,0.333,0.0,0.0,0.0,43.0,120.0,0.358
1628392,Isaiah Hartenstein,1610612746,LAC,24.0,Isaiah,147.0,202.0,0.728,67,128,0.523,1.0,6.0,0.167,2.0,4.0,0.5,0.0,2.0,0.0,12.0,24.0,0.5,0.0,0.0,0.0,2.0,6.0,0.333
1630543,Isaiah Jackson,1610612754,IND,20.0,Isaiah,98.0,146.0,0.671,10,32,0.313,3.0,12.0,0.25,1.0,1.0,1.0,0.0,0.0,0.0,4.0,15.0,0.267,0.0,0.0,0.0,1.0,1.0,1.0
1630198,Isaiah Joe,1610612755,PHI,22.0,Isaiah,9.0,14.0,0.643,1,8,0.125,7.0,20.0,0.35,10.0,25.0,0.4,6.0,17.0,0.353,29.0,92.0,0.315,0.0,1.0,0.0,16.0,42.0,0.381
1630587,Isaiah Livers,1610612765,DET,23.0,Isaiah,9.0,12.0,0.75,1,4,0.25,4.0,10.0,0.4,5.0,15.0,0.333,6.0,13.0,0.462,16.0,36.0,0.444,0.0,0.0,0.0,11.0,28.0,0.393
1629676,Isaiah Roby,1610612760,OKC,24.0,Isaiah,91.0,134.0,0.679,24,75,0.32,7.0,15.0,0.467,8.0,18.0,0.444,5.0,9.0,0.556,31.0,72.0,0.431,0.0,0.0,0.0,13.0,27.0,0.481
1630191,Isaiah Stewart,1610612765,DET,21.0,Isaiah,199.0,344.0,0.578,23,69,0.333,13.0,31.0,0.419,0.0,3.0,0.0,0.0,1.0,0.0,15.0,42.0,0.357,0.0,0.0,0.0,0.0,4.0,0.0
202738,Isaiah Thomas,1610612766,CHA,33.0,Isaiah,14.0,26.0,0.538,10,33,0.303,15.0,25.0,0.6,4.0,10.0,0.4,3.0,10.0,0.3,21.0,63.0,0.333,0.0,0.0,0.0,7.0,20.0,0.35
1630225,Isaiah Todd,1610612764,WAS,20.0,Isaiah,2.0,6.0,0.333,0,2,0.0,1.0,2.0,0.5,3.0,4.0,0.75,1.0,5.0,0.2,0.0,7.0,0.0,0.0,0.0,0.0,4.0,9.0,0.444
202397,Ish Smith,1610612764,WAS,33.0,Ish,48.0,100.0,0.48,35,103,0.34,77.0,160.0,0.481,7.0,8.0,0.875,3.0,10.0,0.3,15.0,48.0,0.313,0.0,1.0,0.0,10.0,18.0,0.556
1630688,Ish Wainright,1610612756,PHX,27.0,Ish,20.0,30.0,0.667,2,13,0.154,0.0,2.0,0.0,2.0,11.0,0.182,11.0,18.0,0.611,6.0,30.0,0.2,0.0,0.0,0.0,13.0,29.0,0.448
1627826,Ivica Zubac,1610612746,LAC,25.0,Ivica,224.0,317.0,0.707,82,168,0.488,4.0,10.0,0.4,0.0,0.0,0.0,0.0,0.0,0.0,0.0,0.0,0.0,0.0,0.0,0.0,0.0,0.0,0.0
1630550,JT Thor,1610612766,CHA,19.0,JT,11.0,16.0,0.688,4,7,0.571,2.0,5.0,0.4,1.0,3.0,0.333,1.0,2.0,0.5,5.0,22.0,0.227,0.0,0.0,0.0,2.0,5.0,0.4
1629630,Ja Morant,1610612763,MEM,22.0,Ja,303.0,453.0,0.669,171,399,0.429,18.0,69.0,0.261,6.0,13.0,0.462,5.0,13.0,0.385,77.0,227.0,0.339,0.0,3.0,0.0,11.0,26.0,0.423
203210,JaMychal Green,1610612743,DEN,32.0,JaMychal,101.0,151.0,0.669,14,31,0.452,11.0,21.0,0.524,6.0,15.0,0.4,7.0,23.0,0.304,20.0,84.0,0.238,0.0,2.0,0.0,13.0,38.0,0.342
1630605,JaQuori McLaughlin,1610612742,DAL,24.0,JaQuori,0.0,0.0,0.0,0,0,0.0,0.0,1.0,0.0,0.0,1.0,0.0,0.0,0.0,0.0,0.0,0.0,0.0,0.0,0.0,0.0,0.0,1.0,0.0
201580,JaVale McGee,1610612756,PHX,34.0,JaVale,203.0,292.0,0.695,75,135,0.556,8.0,22.0,0.364,0.0,0.0,0.0,0.0,0.0,0.0,2.0,9.0,0.222,0.0,0.0,0.0,0.0,0.0,0.0
203953,Jabari Parker,1610612738,BOS,27.0,Jabari,6.0,10.0,0.6,2,5,0.4,2.0,7.0,0.286,2.0,2.0,1.0,1.0,4.0,0.25,5.0,9.0,0.556,0.0,1.0,0.0,3.0,6.0,0.5
1630183,Jaden McDaniels,1610612750,MIN,21.0,Jaden,124.0,179.0,0.693,34,86,0.395,17.0,38.0,0.447,29.0,76.0,0.382,17.0,53.0,0.321,34.0,121.0,0.281,0.0,1.0,0.0,46.0,129.0,0.357
1630531,Jaden Springer,1610612755,PHI,19.0,Jaden,0.0,0.0,0.0,1,1,1.0,0.0,0.0,0.0,,,,0.0,0.0,0.0,0.0,0.0,0.0,,,,0.0,0.0,0.0
203109,Jae Crowder,1610612756,PHX,31.0,Jae,25.0,42.0,0.595,24,53,0.453,41.0,83.0,0.494,17.0,40.0,0.425,16.0,41.0,0.39,94.0,283.0,0.332,0.0,2.0,0.0,33.0,81.0,0.407
1630256,Jae'Sean Tate,1610612745,HOU,26.0,Jae'Sean,248.0,377.0,0.658,51,140,0.364,1.0,10.0,0.1,9.0,43.0,0.209,17.0,40.0,0.425,37.0,119.0,0.311,0.0,0.0,0.0,26.0,83.0,0.313
1630186,Jahmi'us Ramsey,1610612758,SAC,21.0,Jahmi'us,13.0,22.0,0.591,1,9,0.111,5.0,9.0,0.556,1.0,4.0,0.25,0.0,0.0,0.0,4.0,14.0,0.286,0.0,0.0,0.0,1.0,4.0,0.25
1630693,Jaime Echenique,1610612764,WAS,25.0,Jaime,0.0,0.0,0.0,0,0,0.0,0.0,0.0,0.0,,,,0.0,0.0,0.0,0.0,0.0,0.0,,,,0.0,0.0,0.0
1627774,Jake Layman,1610612750,MIN,28.0,Jake,17.0,23.0,0.739,3,8,0.375,2.0,7.0,0.286,2.0,11.0,0.182,2.0,7.0,0.286,4.0,17.0,0.235,0.0,0.0,0.0,4.0,18.0,0.222
1627751,Jakob Poeltl,1610612759,SAS,26.0,Jakob,257.0,353.0,0.728,144,281,0.512,8.0,28.0,0.286,0.0,0.0,0.0,0.0,0.0,0.0,0.0,0.0,0.0,1.0,1.0,1.0,0.0,0.0,0.0
1628973,Jalen Brunson,1610612742,DAL,25.0,Jalen,137.0,204.0,0.672,163,317,0.514,112.0,237.0,0.473,20.0,41.0,0.488,18.0,35.0,0.514,56.0,174.0,0.322,0.0,0.0,0.0,38.0,76.0,0.5
1630224,Jalen Green,1610612745,HOU,20.0,Jalen,193.0,311.0,0.621,16,82,0.195,40.0,104.0,0.385,17.0,48.0,0.354,9.0,24.0,0.375,131.0,384.0,0.341,0.0,1.0,0.0,26.0,72.0,0.361
1630552,Jalen Johnson,1610612737,ATL,20.0,Jalen,19.0,21.0,0.905,0,3,0.0,0.0,4.0,0.0,0.0,2.0,0.0,1.0,3.0,0.333,2.0,8.0,0.25,0.0,0.0,0.0,1.0,5.0,0.2
1629667,Jalen McDaniels,1610612766,CHA,24.0,Jalen,56.0,84.0,0.667,22,49,0.449,4.0,14.0,0.286,7.0,20.0,0.35,7.0,21.0,0.333,27.0,65.0,0.415,0.0,1.0,0.0,14.0,41.0,0.341
1630188,Jalen Smith,1610612754,IND,22.0,Jalen,90.0,124.0,0.726,31,69,0.449,15.0,35.0,0.429,3.0,16.0,0.188,5.0,18.0,0.278,32.0,88.0,0.364,0.0,0.0,0.0,8.0,34.0,0.235
1630591,Jalen Suggs,1610612753,ORL,21.0,Jalen,112.0,190.0,0.589,23,102,0.225,21.0,60.0,0.35,3.0,17.0,0.176,2.0,8.0,0.25,37.0,170.0,0.218,0.0,1.0,0.0,5.0,25.0,0.2
1630547,James Bouknight,1610612766,CHA,21.0,James,27.0,57.0,0.474,3,26,0.115,2.0,9.0,0.222,1.0,8.0,0.125,3.0,4.0,0.75,13.0,37.0,0.351,0.0,0.0,0.0,4.0,12.0,0.333
203516,James Ennis III,1610612743,DEN,31.0,James,8.0,15.0,0.533,0,0,0.0,0.0,1.0,0.0,0.0,0.0,0.0,0.0,1.0,0.0,3.0,7.0,0.429,0.0,0.0,0.0,0.0,1.0,0.0
201935,James Harden,1610612755,PHI,32.0,James,156.0,280.0,0.557,82,213,0.385,21.0,51.0,0.412,3.0,9.0,0.333,5.0,18.0,0.278,140.0,421.0,0.333,0.0,0.0,0.0,8.0,27.0,0.296
201949,James Johnson,1610612751,BKN,35.0,James,102.0,166.0,0.614,17,44,0.386,2.0,12.0,0.167,5.0,13.0,0.385,5.0,22.0,0.227,13.0,50.0,0.26,0.0,0.0,0.0,10.0,35.0,0.286
1630691,Jamorko Pickett,1610612765,DET,24.0,Jamorko,2.0,3.0,0.667,3,7,0.429,0.0,1.0,0.0,2.0,7.0,0.286,3.0,8.0,0.375,8.0,24.0,0.333,0.0,0.0,0.0,5.0,15.0,0.333
1630215,Jared Butler,1610612762,UTA,21.0,Jared,12.0,18.0,0.667,12,32,0.375,9.0,13.0,0.692,1.0,5.0,0.2,2.0,6.0,0.333,25.0,76.0,0.329,0.0,1.0,0.0,3.0,11.0,0.273
1629607,Jared Harper,1610612740,NOP,24.0,Jared,2.0,5.0,0.4,3,4,0.75,4.0,5.0,0.8,0.0,0.0,0.0,1.0,1.0,1.0,4.0,11.0,0.364,0.0,0.0,0.0,1.0,1.0,1.0
1628991,Jaren Jackson Jr.,1610612763,MEM,22.0,Jaren,171.0,296.0,0.578,122,318,0.384,9.0,22.0,0.409,8.0,33.0,0.242,11.0,39.0,0.282,109.0,328.0,0.332,0.0,0.0,0.0,19.0,72.0,0.264
1629020,Jarred Vanderbilt,1610612750,MIN,23.0,Jarred,192.0,285.0,0.674,18,57,0.316,0.0,5.0,0.0,2.0,7.0,0.286,0.0,3.0,0.0,0.0,4.0,0.0,0.0,0.0,0.0,2.0,10.0,0.2
1628386,Jarrett Allen,1610612739,CLE,24.0,Jarrett,293.0,375.0,0.781,59,130,0.454,16.0,30.0,0.533,0.0,4.0,0.0,0.0,2.0,0.0,1.0,4.0,0.25,0.0,0.0,0.0,0.0,6.0,0.0
1629633,Jarrett Culver,1610612763,MEM,23.0,Jarrett,23.0,42.0,0.548,7,26,0.269,9.0,20.0,0.45,2.0,8.0,0.25,1.0,4.0,0.25,9.0,35.0,0.257,0.0,0.0,0.0,3.0,12.0,0.25
1629600,Jarron Cumberland,1610612757,POR,24.0,Jarron,1.0,1.0,1.0,0,0,0.0,0.0,0.0,0.0,0.0,0.0,0.0,0.0,0.0,0.0,0.0,1.0,0.0,0.0,0.0,0.0,0.0,0.0,0.0
1629602,Javin DeLaurier,1610612749,MIL,24.0,Javin,0.0,0.0,0.0,0,0,0.0,0.0,0.0,0.0,,,,0.0,0.0,0.0,0.0,0.0,0.0,,,,0.0,0.0,0.0
1629750,Javonte Green,1610612741,CHI,28.0,Javonte,125.0,182.0,0.687,14,38,0.368,1.0,7.0,0.143,11.0,25.0,0.44,16.0,37.0,0.432,9.0,36.0,0.25,0.0,0.0,0.0,27.0,62.0,0.435
1630606,Javonte Smart,1610612748,MIA,23.0,Javonte,6.0,14.0,0.429,4,14,0.286,1.0,5.0,0.2,0.0,1.0,0.0,2.0,3.0,0.667,6.0,22.0,0.273,0.0,1.0,0.0,2.0,4.0,0.5
1629637,Jaxson Hayes,1610612740,NOP,22.0,Jaxson,177.0,232.0,0.763,43,88,0.489,5.0,21.0,0.238,2.0,6.0,0.333,3.0,12.0,0.25,15.0,38.0,0.395,0.0,1.0,0.0,5.0,18.0,0.278
1630643,Jay Huff,1610612747,LAL,24.0,Jay,0.0,0.0,0.0,0,1,0.0,0.0,0.0,0.0,0.0,0.0,0.0,0.0,0.0,0.0,0.0,2.0,0.0,0.0,0.0,0.0,0.0,0.0,0.0
1630206,Jay Scrubb,1610612746,LAC,21.0,Jay,6.0,11.0,0.545,3,6,0.5,3.0,8.0,0.375,2.0,2.0,1.0,0.0,1.0,0.0,4.0,18.0,0.222,0.0,0.0,0.0,2.0,3.0,0.667
1627759,Jaylen Brown,1610612738,BOS,25.0,Jaylen,230.0,321.0,0.717,96,250,0.384,84.0,183.0,0.459,13.0,46.0,0.283,18.0,45.0,0.4,135.0,370.0,0.365,0.0,2.0,0.0,31.0,91.0,0.341
1629658,Jaylen Hoard,1610612760,OKC,23.0,Jaylen,25.0,36.0,0.694,8,25,0.32,2.0,4.0,0.5,2.0,4.0,0.5,2.0,4.0,0.5,5.0,17.0,0.294,0.0,0.0,0.0,4.0,8.0,0.5
1628537,Jaylen Morris,1610612759,SAS,26.0,Jaylen,0.0,3.0,0.0,0,1,0.0,0.0,0.0,0.0,0.0,0.0,0.0,0.0,0.0,0.0,0.0,2.0,0.0,0.0,0.0,0.0,0.0,0.0,0.0
1629669,Jaylen Nowell,1610612750,MIN,22.0,Jaylen,64.0,104.0,0.615,47,97,0.485,23.0,54.0,0.426,8.0,18.0,0.444,6.0,13.0,0.462,48.0,125.0,0.384,0.0,2.0,0.0,14.0,31.0,0.452
1629873,Jaysean Paige,1610612765,DET,27.0,Jaysean,0.0,0.0,0.0,0,0,0.0,0.0,1.0,0.0,0.0,0.0,0.0,0.0,0.0,0.0,0.0,2.0,0.0,0.0,0.0,0.0,0.0,0.0,0.0
1628369,Jayson Tatum,1610612738,BOS,24.0,Jayson,289.0,425.0,0.68,93,231,0.403,95.0,257.0,0.37,15.0,51.0,0.294,18.0,33.0,0.545,198.0,565.0,0.35,0.0,2.0,0.0,33.0,84.0,0.393
1630288,Jeff Dowtin Jr.,1610612753,ORL,25.0,Jeff,3.0,5.0,0.6,1,6,0.167,3.0,6.0,0.5,0.0,2.0,0.0,1.0,3.0,0.333,0.0,4.0,0.0,0.0,0.0,0.0,1.0,5.0,0.2
201145,Jeff Green,1610612743,DEN,35.0,Jeff,167.0,219.0,0.763,41,94,0.436,16.0,48.0,0.333,13.0,42.0,0.31,16.0,51.0,0.314,24.0,73.0,0.329,0.0,2.0,0.0,29.0,93.0,0.312
1629203,Jemerrio Jones,1610612747,LAL,27.0,Jemerrio,2.0,2.0,1.0,0,1,0.0,0.0,0.0,0.0,0.0,0.0,0.0,0.0,0.0,0.0,0.0,0.0,0.0,0.0,0.0,0.0,0.0,0.0,0.0
203924,Jerami Grant,1610612765,DET,28.0,Jerami,109.0,175.0,0.623,31,93,0.333,67.0,177.0,0.379,21.0,54.0,0.389,11.0,40.0,0.275,59.0,159.0,0.371,0.0,1.0,0.0,32.0,94.0,0.34
1630526,Jeremiah Robinson-Earl,1610612760,OKC,21.0,Jeremiah,56.0,96.0,0.583,12,35,0.343,8.0,28.0,0.286,9.0,31.0,0.29,7.0,15.0,0.467,42.0,119.0,0.353,0.0,0.0,0.0,16.0,46.0,0.348
203087,Jeremy Lamb,1610612758,SAC,30.0,Jeremy,23.0,38.0,0.605,28,83,0.337,27.0,56.0,0.482,7.0,23.0,0.304,5.0,14.0,0.357,43.0,129.0,0.333,0.0,4.0,0.0,12.0,37.0,0.324
1630579,Jericho Sims,1610612752,NYK,23.0,Jericho,38.0,48.0,0.792,1,5,0.2,0.0,1.0,0.0,0.0,0.0,0.0,0.0,0.0,0.0,0.0,0.0,0.0,0.0,0.0,0.0,0.0,0.0,0.0
1628975,Jevon Carter,1610612749,MIL,26.0,Jevon,6.0,16.0,0.375,6,13,0.462,20.0,54.0,0.37,14.0,31.0,0.452,12.0,25.0,0.48,40.0,113.0,0.354,0.0,1.0,0.0,26.0,56.0,0.464
202710,Jimmy Butler III,1610612748,MIA,32.0,Jimmy,205.0,308.0,0.666,92,209,0.44,74.0,196.0,0.378,5.0,24.0,0.208,10.0,31.0,0.323,12.0,59.0,0.203,0.0,2.0,0.0,15.0,55.0,0.273
1629111,Jock Landale,1610612759,SAS,26.0,Jock,59.0,85.0,0.694,9,18,0.5,4.0,12.0,0.333,6.0,15.0,0.4,3.0,6.0,0.5,20.0,67.0,0.299,0.0,1.0,0.0,9.0,21.0,0.429
203925,Joe Harris,1610612751,BKN,30.0,Joe,7.0,17.0,0.412,6,13,0.462,2.0,6.0,0.333,5.0,12.0,0.417,12.0,16.0,0.75,24.0,60.0,0.4,0.0,0.0,0.0,17.0,28.0,0.607
204060,Joe Ingles,1610612757,POR,34.0,Joe,18.0,25.0,0.72,18,31,0.581,2.0,6.0,0.333,6.0,17.0,0.353,12.0,34.0,0.353,59.0,172.0,0.343,0.0,0.0,0.0,18.0,51.0,0.353
2207,Joe Johnson,1610612738,BOS,41.0,Joe,,,,0,0,0.0,1.0,1.0,1.0,,,,,,,0.0,0.0,0.0,0.0,0.0,0.0,,,
1630580,Joe Wieskamp,1610612759,SAS,22.0,Joe,3.0,4.0,0.75,1,3,0.333,2.0,6.0,0.333,0.0,7.0,0.0,1.0,4.0,0.25,13.0,32.0,0.406,0.0,0.0,0.0,1.0,11.0,0.091
1630555,Joel Ayayi,1610612764,WAS,22.0,Joel,0.0,1.0,0.0,1,3,0.333,0.0,1.0,0.0,0.0,0.0,0.0,0.0,0.0,0.0,0.0,1.0,0.0,0.0,0.0,0.0,0.0,0.0,0.0
203954,Joel Embiid,1610612755,PHI,28.0,Joel,286.0,389.0,0.735,122,303,0.403,165.0,391.0,0.422,2.0,7.0,0.286,2.0,6.0,0.333,89.0,237.0,0.376,0.0,1.0,0.0,4.0,13.0,0.308
1628381,John Collins,1610612737,ATL,24.0,John,180.0,251.0,0.717,52,118,0.441,43.0,99.0,0.434,4.0,17.0,0.235,17.0,45.0,0.378,43.0,114.0,0.377,0.0,0.0,0.0,21.0,62.0,0.339
1629723,John Konchar,1610612763,MEM,26.0,John,66.0,91.0,0.725,13,28,0.464,4.0,19.0,0.211,16.0,37.0,0.432,10.0,21.0,0.476,26.0,66.0,0.394,0.0,0.0,0.0,26.0,58.0,0.448
1630257,Jon Teske,1610612763,MEM,25.0,Jon,0.0,0.0,0.0,0,0,0.0,0.0,1.0,0.0,0.0,0.0,0.0,0.0,0.0,0.0,0.0,0.0,0.0,0.0,0.0,0.0,0.0,0.0,0.0
202685,Jonas Valanciunas,1610612740,NOP,30.0,Jonas,243.0,371.0,0.655,157,298,0.527,53.0,111.0,0.477,1.0,2.0,0.5,0.0,1.0,0.0,56.0,155.0,0.361,0.0,0.0,0.0,1.0,3.0,0.333
1630228,Jonathan Kuminga,1610612744,GSW,19.0,Jonathan,146.0,198.0,0.737,33,94,0.351,8.0,20.0,0.4,7.0,33.0,0.212,9.0,23.0,0.391,33.0,90.0,0.367,0.0,2.0,0.0,16.0,56.0,0.286
1628395,Jordan Bell,1610612741,CHI,27.0,Jordan,0.0,0.0,0.0,0,0,0.0,0.0,0.0,0.0,,,,,,,0.0,0.0,0.0,,,,,,
203903,Jordan Clarkson,1610612762,UTA,30.0,Jordan,101.0,166.0,0.608,149,288,0.517,26.0,62.0,0.419,28.0,77.0,0.364,14.0,44.0,0.318,148.0,474.0,0.312,0.0,2.0,0.0,42.0,121.0,0.347
1630692,Jordan Goodwin,1610612764,WAS,23.0,Jordan,0.0,1.0,0.0,0,0,0.0,0.0,1.0,0.0,,,,0.0,0.0,0.0,0.0,1.0,0.0,,,,0.0,0.0,0.0
1629162,Jordan McLaughlin,1610612750,MIN,26.0,Jordan,43.0,68.0,0.632,13,39,0.333,5.0,8.0,0.625,11.0,20.0,0.55,5.0,11.0,0.455,11.0,51.0,0.216,0.0,3.0,0.0,16.0,31.0,0.516
1629670,Jordan Nwora,1610612749,MIL,23.0,Jordan,65.0,105.0,0.619,20,51,0.392,22.0,79.0,0.278,17.0,37.0,0.459,7.0,32.0,0.219,55.0,158.0,0.348,0.0,0.0,0.0,24.0,69.0,0.348
1629673,Jordan Poole,1610612744,GSW,23.0,Jordan,141.0,213.0,0.662,78,159,0.491,46.0,108.0,0.426,14.0,50.0,0.28,20.0,46.0,0.435,174.0,477.0,0.365,1.0,5.0,0.2,34.0,96.0,0.354
1630648,Jordan Schakel,1610612764,WAS,24.0,Jordan,0.0,1.0,0.0,0,3,0.0,0.0,1.0,0.0,0.0,1.0,0.0,0.0,0.0,0.0,1.0,5.0,0.2,0.0,0.0,0.0,0.0,1.0,0.0
1630631,Jose Alvarado,1610612740,NOP,24.0,Jose,48.0,83.0,0.578,38,72,0.528,13.0,29.0,0.448,6.0,13.0,0.462,3.0,14.0,0.214,23.0,82.0,0.28,0.0,1.0,0.0,9.0,27.0,0.333
1630528,Josh Christopher,1610612745,HOU,20.0,Josh,110.0,174.0,0.632,50,110,0.455,8.0,27.0,0.296,11.0,26.0,0.423,6.0,25.0,0.24,39.0,132.0,0.295,0.0,6.0,0.0,17.0,51.0,0.333
1630581,Josh Giddey,1610612760,OKC,19.0,Josh,106.0,183.0,0.579,94,209,0.45,25.0,66.0,0.379,8.0,33.0,0.242,6.0,10.0,0.6,42.0,169.0,0.249,0.0,0.0,0.0,14.0,43.0,0.326
1630182,Josh Green,1610612742,DAL,21.0,Josh,74.0,102.0,0.725,19,48,0.396,9.0,28.0,0.321,11.0,26.0,0.423,11.0,28.0,0.393,6.0,23.0,0.261,0.0,1.0,0.0,22.0,54.0,0.407
1628404,Josh Hart,1610612757,POR,27.0,Josh,168.0,246.0,0.683,27,67,0.403,19.0,43.0,0.442,13.0,21.0,0.619,8.0,16.0,0.5,52.0,176.0,0.295,0.0,0.0,0.0,21.0,37.0,0.568
1628367,Josh Jackson,1610612758,SAC,25.0,Josh,58.0,88.0,0.659,15,38,0.395,14.0,44.0,0.318,3.0,17.0,0.176,4.0,17.0,0.235,26.0,96.0,0.271,0.0,0.0,0.0,7.0,34.0,0.206
1629006,Josh Okogie,1610612750,MIN,23.0,Josh,27.0,49.0,0.551,1,7,0.143,0.0,1.0,0.0,2.0,14.0,0.143,3.0,10.0,0.3,9.0,23.0,0.391,0.0,0.0,0.0,5.0,24.0,0.208
1626196,Josh Richardson,1610612759,SAS,28.0,Josh,47.0,80.0,0.588,42,113,0.372,43.0,96.0,0.448,14.0,34.0,0.412,7.0,14.0,0.5,81.0,196.0,0.413,0.0,1.0,0.0,21.0,48.0,0.438
1630563,Joshua Primo,1610612759,SAS,19.0,Joshua,36.0,64.0,0.563,17,47,0.362,6.0,22.0,0.273,11.0,30.0,0.367,2.0,19.0,0.105,29.0,87.0,0.333,0.0,1.0,0.0,13.0,49.0,0.265
201950,Jrue Holiday,1610612749,MIL,32.0,Jrue,160.0,259.0,0.618,105,224,0.469,81.0,150.0,0.54,6.0,20.0,0.3,6.0,15.0,0.4,120.0,285.0,0.421,0.0,1.0,0.0,12.0,35.0,0.343
1629308,Juan Toscano-Anderson,1610612744,GSW,29.0,Juan,67.0,101.0,0.663,19,42,0.452,1.0,5.0,0.2,3.0,13.0,0.231,3.0,10.0,0.3,22.0,63.0,0.349,0.0,1.0,0.0,6.0,23.0,0.261
1627823,Juancho Hernangomez,1610612762,UTA,26.0,Juancho,18.0,29.0,0.621,2,8,0.25,0.0,0.0,0.0,5.0,14.0,0.357,6.0,14.0,0.429,13.0,41.0,0.317,0.0,0.0,0.0,11.0,28.0,0.393
203944,Julius Randle,1610612752,NYK,27.0,Julius,211.0,355.0,0.594,81,201,0.403,100.0,300.0,0.333,10.0,29.0,0.345,5.0,22.0,0.227,105.0,339.0,0.31,0.0,0.0,0.0,15.0,51.0,0.294
1626147,Justin Anderson,1610612754,IND,28.0,Justin,11.0,16.0,0.688,4,8,0.5,6.0,12.0,0.5,7.0,13.0,0.538,1.0,8.0,0.125,7.0,38.0,0.184,0.0,0.0,0.0,8.0,21.0,0.381
1630551,Justin Champagnie,1610612761,TOR,21.0,Justin,19.0,31.0,0.613,2,7,0.286,0.0,1.0,0.0,2.0,10.0,0.2,3.0,6.0,0.5,5.0,12.0,0.417,0.0,0.0,0.0,5.0,16.0,0.313
203200,Justin Holiday,1610612758,SAC,33.0,Justin,49.0,88.0,0.557,7,22,0.318,28.0,71.0,0.394,26.0,64.0,0.406,29.0,79.0,0.367,122.0,337.0,0.362,0.0,1.0,0.0,55.0,143.0,0.385
1628382,Justin Jackson,1610612756,PHX,27.0,Justin,0.0,0.0,0.0,2,4,0.5,0.0,2.0,0.0,1.0,1.0,1.0,0.0,0.0,0.0,2.0,8.0,0.25,0.0,0.0,0.0,1.0,1.0,1.0
1629620,Justin Robinson,1610612765,DET,24.0,Justin,5.0,8.0,0.625,2,10,0.2,3.0,14.0,0.214,2.0,6.0,0.333,4.0,10.0,0.4,12.0,43.0,0.279,0.0,2.0,0.0,6.0,16.0,0.375
1626159,Justise Winslow,1610612757,POR,26.0,Justise,66.0,103.0,0.641,24,67,0.358,5.0,21.0,0.238,4.0,14.0,0.286,2.0,13.0,0.154,9.0,37.0,0.243,0.0,2.0,0.0,6.0,27.0,0.222
203994,Jusuf Nurkić,1610612757,POR,27.0,Jusuf,232.0,367.0,0.632,65,148,0.439,9.0,30.0,0.3,0.0,0.0,0.0,1.0,1.0,1.0,14.0,54.0,0.259,0.0,0.0,0.0,1.0,1.0,1.0
1629752,Juwan Morgan,1610612738,BOS,25.0,Juwan,1.0,1.0,1.0,0,0,0.0,0.0,0.0,0.0,0.0,0.0,0.0,0.0,0.0,0.0,1.0,2.0,0.5,0.0,0.0,0.0,0.0,0.0,0.0
1630231,KJ Martin,1610612745,HOU,21.0,KJ,194.0,291.0,0.667,25,63,0.397,0.0,2.0,0.0,8.0,31.0,0.258,5.0,15.0,0.333,47.0,121.0,0.388,0.0,0.0,0.0,13.0,46.0,0.283
1629644,KZ Okpala,1610612748,MIA,23.0,KZ,15.0,26.0,0.577,5,13,0.385,1.0,4.0,0.25,6.0,12.0,0.5,2.0,4.0,0.5,1.0,10.0,0.1,0.0,0.0,0.0,8.0,16.0,0.5
1630539,Kai Jones,1610612766,CHA,21.0,Kai,8.0,8.0,1.0,0,3,0.0,0.0,1.0,0.0,1.0,1.0,1.0,0.0,0.0,0.0,0.0,1.0,0.0,0.0,0.0,0.0,1.0,1.0,1.0
1626157,Karl-Anthony Towns,1610612750,MIN,26.0,Karl-Anthony,311.0,459.0,0.678,138,269,0.513,43.0,121.0,0.355,6.0,17.0,0.353,6.0,17.0,0.353,138.0,331.0,0.417,0.0,0.0,0.0,12.0,34.0,0.353
1626208,Keifer Sykes,1610612754,IND,28.0,Keifer,25.0,37.0,0.676,5,17,0.294,12.0,46.0,0.261,6.0,12.0,0.5,5.0,15.0,0.333,16.0,63.0,0.254,0.0,0.0,0.0,11.0,27.0,0.407
1628966,Keita Bates-Diop,1610612759,SAS,26.0,Keita,99.0,150.0,0.66,13,40,0.325,7.0,18.0,0.389,4.0,11.0,0.364,4.0,14.0,0.286,9.0,30.0,0.3,0.0,0.0,0.0,8.0,25.0,0.32
1629103,Kelan Martin,1610612738,BOS,26.0,Kelan,28.0,45.0,0.622,5,20,0.25,15.0,31.0,0.484,7.0,13.0,0.538,5.0,14.0,0.357,10.0,47.0,0.213,0.0,1.0,0.0,12.0,27.0,0.444
1629640,Keldon Johnson,1610612759,SAS,22.0,Keldon,176.0,285.0,0.618,110,260,0.423,26.0,67.0,0.388,27.0,53.0,0.509,19.0,41.0,0.463,113.0,304.0,0.372,0.0,1.0,0.0,46.0,94.0,0.489
1629833,Keljin Blevins,1610612757,POR,26.0,Keljin,9.0,24.0,0.375,2,7,0.286,2.0,8.0,0.25,3.0,12.0,0.25,2.0,12.0,0.167,16.0,48.0,0.333,0.0,0.0,0.0,5.0,24.0,0.208
203482,Kelly Olynyk,1610612765,DET,31.0,Kelly,66.0,105.0,0.629,10,31,0.323,12.0,31.0,0.387,1.0,2.0,0.5,3.0,3.0,1.0,36.0,113.0,0.319,0.0,1.0,0.0,4.0,5.0,0.8
1626162,Kelly Oubre Jr.,1610612766,CHA,26.0,Kelly,164.0,242.0,0.678,45,102,0.441,10.0,37.0,0.27,25.0,74.0,0.338,34.0,101.0,0.337,132.0,374.0,0.353,0.0,2.0,0.0,59.0,175.0,0.337
202689,Kemba Walker,1610612752,NYK,32.0,Kemba,30.0,65.0,0.462,26,52,0.5,20.0,55.0,0.364,2.0,2.0,1.0,3.0,6.0,0.5,68.0,190.0,0.358,0.0,0.0,0.0,5.0,8.0,0.625
1629026,Kenrich Williams,1610612760,OKC,27.0,Kenrich,62.0,98.0,0.633,25,59,0.424,18.0,39.0,0.462,10.0,30.0,0.333,6.0,15.0,0.4,25.0,75.0,0.333,0.0,1.0,0.0,16.0,45.0,0.356
203145,Kent Bazemore,1610612747,LAL,32.0,Kent,9.0,26.0,0.346,4,14,0.286,3.0,20.0,0.15,4.0,18.0,0.222,13.0,25.0,0.52,12.0,34.0,0.353,0.0,2.0,0.0,17.0,43.0,0.395
203484,Kentavious Caldwell-Pope,1610612764,WAS,29.0,Kentavious,76.0,118.0,0.644,30,98,0.306,96.0,205.0,0.468,39.0,85.0,0.459,29.0,66.0,0.439,91.0,257.0,0.354,0.0,0.0,0.0,68.0,151.0,0.45
1630553,Keon Johnson,1610612757,POR,20.0,Keon,45.0,91.0,0.495,15,48,0.313,2.0,32.0,0.063,1.0,10.0,0.1,2.0,8.0,0.25,31.0,83.0,0.373,0.0,0.0,0.0,3.0,18.0,0.167
1630556,Kessler Edwards,1610612751,BKN,21.0,Kessler,36.0,76.0,0.474,12,27,0.444,14.0,29.0,0.483,17.0,39.0,0.436,6.0,24.0,0.25,25.0,71.0,0.352,0.0,1.0,0.0,23.0,63.0,0.365
201142,Kevin Durant,1610612751,BKN,33.0,Kevin,95.0,132.0,0.72,142,276,0.514,226.0,407.0,0.555,3.0,7.0,0.429,10.0,16.0,0.625,102.0,277.0,0.368,0.0,0.0,0.0,13.0,23.0,0.565
1628989,Kevin Huerter,1610612737,ATL,23.0,Kevin,63.0,101.0,0.624,74,145,0.51,48.0,103.0,0.466,23.0,48.0,0.479,28.0,70.0,0.4,109.0,291.0,0.375,0.0,2.0,0.0,51.0,118.0,0.432
1628995,Kevin Knox II,1610612737,ATL,22.0,Kevin,13.0,16.0,0.813,2,8,0.25,1.0,7.0,0.143,1.0,6.0,0.167,6.0,12.0,0.5,8.0,35.0,0.229,0.0,1.0,0.0,7.0,18.0,0.389
201567,Kevin Love,1610612739,CLE,33.0,Kevin,65.0,97.0,0.67,34,75,0.453,41.0,112.0,0.366,17.0,52.0,0.327,13.0,30.0,0.433,157.0,394.0,0.398,0.0,1.0,0.0,30.0,82.0,0.366
1630698,Kevin Pangos,1610612739,CLE,29.0,Kevin,3.0,5.0,0.6,5,12,0.417,1.0,3.0,0.333,0.0,1.0,0.0,0.0,0.0,0.0,6.0,25.0,0.24,0.0,0.0,0.0,0.0,1.0,0.0
1629645,Kevin Porter Jr.,1610612745,HOU,22.0,Kevin,118.0,204.0,0.578,35,111,0.315,27.0,80.0,0.338,11.0,23.0,0.478,10.0,22.0,0.455,134.0,368.0,0.364,0.0,0.0,0.0,21.0,45.0,0.467
1626172,Kevon Looney,1610612744,GSW,26.0,Kevon,172.0,251.0,0.685,24,61,0.393,12.0,51.0,0.235,0.0,0.0,0.0,0.0,0.0,0.0,0.0,1.0,0.0,0.0,0.0,0.0,0.0,0.0,0.0
203920,Khem Birch,1610612761,TOR,29.0,Khem,52.0,88.0,0.591,41,88,0.466,4.0,12.0,0.333,0.0,6.0,0.0,0.0,6.0,0.0,0.0,0.0,0.0,0.0,0.0,0.0,0.0,12.0,0.0
203114,Khris Middleton,1610612749,MIL,30.0,Khris,86.0,130.0,0.662,76,179,0.425,128.0,278.0,0.46,11.0,34.0,0.324,8.0,16.0,0.5,143.0,384.0,0.372,0.0,0.0,0.0,19.0,50.0,0.38
1630165,Killian Hayes,1610612765,DET,20.0,Killian,64.0,105.0,0.61,47,119,0.395,21.0,68.0,0.309,12.0,32.0,0.375,8.0,30.0,0.267,24.0,105.0,0.229,0.0,0.0,0.0,20.0,62.0,0.323
1629681,Killian Tillie,1610612763,MEM,24.0,Killian,12.0,20.0,0.6,1,12,0.083,3.0,9.0,0.333,6.0,15.0,0.4,1.0,11.0,0.091,20.0,60.0,0.333,0.0,0.0,0.0,7.0,26.0,0.269
1630184,Kira Lewis Jr.,1610612740,NOP,21.0,Kira,29.0,42.0,0.69,13,28,0.464,4.0,18.0,0.222,3.0,6.0,0.5,1.0,8.0,0.125,9.0,41.0,0.22,0.0,3.0,0.0,4.0,14.0,0.286
202691,Klay Thompson,1610612744,GSW,32.0,Klay,37.0,51.0,0.725,33,84,0.393,63.0,144.0,0.438,13.0,23.0,0.565,5.0,28.0,0.179,95.0,242.0,0.393,0.0,1.0,0.0,18.0,51.0,0.353
1627739,Kris Dunn,1610612757,POR,28.0,Kris,20.0,34.0,0.588,19,44,0.432,4.0,13.0,0.308,0.0,0.0,0.0,0.0,0.0,0.0,1.0,11.0,0.091,0.0,0.0,0.0,0.0,0.0,0.0
204001,Kristaps Porziņģis,1610612764,WAS,26.0,Kristaps,135.0,189.0,0.714,73,162,0.451,66.0,164.0,0.402,1.0,3.0,0.333,2.0,6.0,0.333,75.0,242.0,0.31,0.0,1.0,0.0,3.0,9.0,0.333
203937,Kyle Anderson,1610612763,MEM,28.0,Kyle,91.0,152.0,0.599,68,163,0.417,14.0,45.0,0.311,12.0,27.0,0.444,8.0,21.0,0.381,16.0,61.0,0.262,0.0,0.0,0.0,20.0,48.0,0.417
1629657,Kyle Guy,1610612748,MIA,24.0,Kyle,6.0,10.0,0.6,1,9,0.111,5.0,6.0,0.833,1.0,2.0,0.5,4.0,8.0,0.5,9.0,30.0,0.3,0.0,0.0,0.0,5.0,10.0,0.5
1628398,Kyle Kuzma,1610612764,WAS,26.0,Kyle,152.0,212.0,0.717,98,227,0.432,46.0,123.0,0.374,17.0,52.0,0.327,13.0,37.0,0.351,97.0,284.0,0.342,0.0,1.0,0.0,30.0,89.0,0.337
200768,Kyle Lowry,1610612748,MIA,36.0,Kyle,68.0,98.0,0.694,25,58,0.431,39.0,89.0,0.438,17.0,45.0,0.378,9.0,16.0,0.563,118.0,317.0,0.372,0.0,4.0,0.0,26.0,61.0,0.426
202681,Kyrie Irving,1610612751,BKN,30.0,Kyrie,55.0,81.0,0.679,72,138,0.522,62.0,158.0,0.392,6.0,14.0,0.429,9.0,22.0,0.409,85.0,203.0,0.419,0.0,0.0,0.0,15.0,36.0,0.417
200746,LaMarcus Aldridge,1610612751,BKN,36.0,LaMarcus,73.0,105.0,0.695,50,101,0.495,115.0,206.0,0.558,1.0,8.0,0.125,3.0,6.0,0.5,10.0,32.0,0.313,0.0,0.0,0.0,4.0,14.0,0.286
1630163,LaMelo Ball,1610612766,CHA,20.0,LaMelo,170.0,315.0,0.54,98,241,0.407,50.0,133.0,0.376,19.0,47.0,0.404,19.0,43.0,0.442,182.0,473.0,0.385,0.0,2.0,0.0,38.0,90.0,0.422
1630205,Lamar Stevens,1610612739,CLE,24.0,Lamar,95.0,137.0,0.693,22,68,0.324,22.0,50.0,0.44,6.0,18.0,0.333,4.0,20.0,0.2,7.0,26.0,0.269,0.0,0.0,0.0,10.0,38.0,0.263
202362,Lance Stephenson,1610612754,IND,31.0,Lance,63.0,97.0,0.649,17,35,0.486,40.0,101.0,0.396,3.0,7.0,0.429,3.0,10.0,0.3,21.0,73.0,0.288,0.0,0.0,0.0,6.0,17.0,0.353
1629013,Landry Shamet,1610612756,PHX,25.0,Landry,30.0,57.0,0.526,19,49,0.388,20.0,46.0,0.435,27.0,60.0,0.45,15.0,47.0,0.319,80.0,224.0,0.357,0.0,2.0,0.0,42.0,107.0,0.393
204038,Langston Galloway,1610612749,MIL,30.0,Langston,1.0,3.0,0.333,2,3,0.667,1.0,4.0,0.25,0.0,3.0,0.0,0.0,3.0,0.0,2.0,10.0,0.2,0.0,0.0,0.0,0.0,6.0,0.0
1626204,Larry Nance Jr.,1610612740,NOP,29.0,Larry,83.0,120.0,0.692,18,44,0.409,5.0,13.0,0.385,4.0,12.0,0.333,4.0,10.0,0.4,15.0,47.0,0.319,0.0,1.0,0.0,8.0,22.0,0.364
1628374,Lauri Markkanen,1610612739,CLE,25.0,Lauri,119.0,184.0,0.647,42,96,0.438,17.0,44.0,0.386,20.0,44.0,0.455,11.0,38.0,0.289,104.0,297.0,0.35,0.0,0.0,0.0,31.0,82.0,0.378
2544,LeBron James,1610612747,LAL,37.0,LeBron,362.0,481.0,0.753,39,108,0.361,78.0,184.0,0.424,6.0,15.0,0.4,5.0,21.0,0.238,150.0,412.0,0.364,0.0,0.0,0.0,11.0,36.0,0.306
1630195,Leandro Bolmaro,1610612750,MIN,21.0,Leandro,10.0,20.0,0.5,2,9,0.222,0.0,8.0,0.0,0.0,1.0,0.0,1.0,3.0,0.333,4.0,12.0,0.333,0.0,1.0,0.0,1.0,4.0,0.25
1629623,Lindell Wigginton,1610612749,MIL,24.0,Lindell,14.0,24.0,0.583,3,10,0.3,0.0,1.0,0.0,5.0,6.0,0.833,0.0,2.0,0.0,4.0,18.0,0.222,0.0,0.0,0.0,5.0,8.0,0.625
1630322,Lindy Waters III,1610612760,OKC,24.0,Lindy,10.0,14.0,0.714,6,11,0.545,3.0,5.0,0.6,6.0,26.0,0.231,5.0,12.0,0.417,41.0,107.0,0.383,0.0,0.0,0.0,11.0,38.0,0.289
1629022,Lonnie Walker IV,1610612759,SAS,23.0,Lonnie,101.0,159.0,0.635,37,85,0.435,64.0,169.0,0.379,8.0,28.0,0.286,19.0,45.0,0.422,82.0,273.0,0.3,0.0,5.0,0.0,27.0,73.0,0.37
1628366,Lonzo Ball,1610612741,CHI,24.0,Lonzo,36.0,61.0,0.59,9,27,0.333,7.0,35.0,0.2,20.0,38.0,0.526,10.0,24.0,0.417,80.0,196.0,0.408,0.0,2.0,0.0,30.0,62.0,0.484
101150,Lou Williams,1610612737,ATL,35.0,Lou,20.0,41.0,0.488,29,83,0.349,39.0,95.0,0.411,12.0,26.0,0.462,6.0,15.0,0.4,19.0,60.0,0.317,0.0,0.0,0.0,18.0,41.0,0.439
1629663,Louis King,1610612758,SAC,23.0,Louis,1.0,2.0,0.5,2,8,0.25,4.0,11.0,0.364,2.0,6.0,0.333,1.0,2.0,0.5,5.0,18.0,0.278,0.0,0.0,0.0,3.0,8.0,0.375
1629652,Luguentz Dort,1610612760,OKC,23.0,Luguentz,99.0,181.0,0.547,53,120,0.442,11.0,34.0,0.324,10.0,26.0,0.385,16.0,34.0,0.471,104.0,330.0,0.315,0.0,1.0,0.0,26.0,60.0,0.433
1629029,Luka Dončić,1610612742,DAL,23.0,Luka,163.0,221.0,0.738,196,398,0.492,81.0,215.0,0.377,7.0,21.0,0.333,2.0,10.0,0.2,192.0,536.0,0.358,0.0,2.0,0.0,9.0,31.0,0.29
1630568,Luka Garza,1610612765,DET,23.0,Luka,36.0,57.0,0.632,8,19,0.421,6.0,22.0,0.273,0.0,3.0,0.0,0.0,0.0,0.0,16.0,46.0,0.348,0.0,0.0,0.0,0.0,3.0,0.0
1628379,Luke Kennard,1610612746,LAC,26.0,Luke,27.0,51.0,0.529,33,73,0.452,37.0,92.0,0.402,12.0,27.0,0.444,18.0,37.0,0.486,160.0,359.0,0.446,0.0,0.0,0.0,30.0,64.0,0.469
1628436,Luke Kornet,1610612738,BOS,26.0,Luke,11.0,17.0,0.647,2,4,0.5,0.0,1.0,0.0,0.0,0.0,0.0,0.0,0.0,0.0,0.0,5.0,0.0,0.0,0.0,0.0,0.0,0.0,0.0
1630640,MJ Walker,1610612756,PHX,24.0,MJ,0.0,1.0,0.0,0,1,0.0,0.0,0.0,0.0,0.0,1.0,0.0,0.0,0.0,0.0,0.0,1.0,0.0,0.0,0.0,0.0,0.0,1.0,0.0
1630644,Mac McClung,1610612747,LAL,23.0,Mac,1.0,2.0,0.5,0,0,0.0,1.0,1.0,1.0,0.0,0.0,0.0,0.0,0.0,0.0,1.0,3.0,0.333,0.0,0.0,0.0,0.0,0.0,0.0
1630201,Malachi Flynn,1610612761,TOR,24.0,Malachi,18.0,30.0,0.6,11,27,0.407,13.0,36.0,0.361,4.0,8.0,0.5,6.0,6.0,1.0,20.0,74.0,0.27,0.0,2.0,0.0,10.0,14.0,0.714
1627763,Malcolm Brogdon,1610612754,IND,29.0,Malcolm,119.0,200.0,0.595,34,72,0.472,32.0,85.0,0.376,9.0,20.0,0.45,2.0,12.0,0.167,47.0,153.0,0.307,0.0,1.0,0.0,11.0,32.0,0.344
1630792,Malcolm Hill,1610612741,CHI,26.0,Malcolm,4.0,6.0,0.667,4,6,0.667,3.0,5.0,0.6,4.0,6.0,0.667,3.0,5.0,0.6,6.0,24.0,0.25,0.0,0.0,0.0,7.0,11.0,0.636
1627736,Malik Beasley,1610612750,MIN,25.0,Malik,47.0,85.0,0.553,21,59,0.356,24.0,74.0,0.324,51.0,120.0,0.425,34.0,90.0,0.378,155.0,419.0,0.37,0.0,3.0,0.0,85.0,210.0,0.405
1630238,Malik Fitts,1610612738,BOS,24.0,Malik,3.0,5.0,0.6,0,3,0.0,0.0,1.0,0.0,3.0,5.0,0.6,0.0,0.0,0.0,1.0,4.0,0.25,1.0,1.0,1.0,3.0,5.0,0.6
1628370,Malik Monk,1610612747,LAL,24.0,Malik,156.0,234.0,0.667,44,99,0.444,18.0,51.0,0.353,14.0,38.0,0.368,19.0,43.0,0.442,140.0,361.0,0.388,0.0,0.0,0.0,33.0,81.0,0.407
1629005,Malik Newman,1610612739,CLE,25.0,Malik,1.0,1.0,1.0,0,0,0.0,2.0,3.0,0.667,,,,0.0,0.0,0.0,0.0,1.0,0.0,0.0,0.0,0.0,0.0,0.0,0.0
1629603,Mamadi Diakite,1610612760,OKC,25.0,Mamadi,14.0,23.0,0.609,10,16,0.625,1.0,3.0,0.333,0.0,0.0,0.0,0.0,2.0,0.0,0.0,3.0,0.0,0.0,0.0,0.0,0.0,2.0,0.0
1630585,Marcus Garrett,1610612748,MIA,23.0,Marcus,2.0,12.0,0.167,1,3,0.333,1.0,2.0,0.5,0.0,2.0,0.0,0.0,0.0,0.0,1.0,2.0,0.5,0.0,0.0,0.0,0.0,2.0,0.0
202694,Marcus Morris Sr.,1610612746,LAC,32.0,Marcus,25.0,45.0,0.556,68,141,0.482,106.0,230.0,0.461,18.0,52.0,0.346,6.0,12.0,0.5,77.0,210.0,0.367,0.0,1.0,0.0,24.0,64.0,0.375
203935,Marcus Smart,1610612738,BOS,28.0,Marcus,95.0,151.0,0.629,78,167,0.467,9.0,41.0,0.22,19.0,56.0,0.339,14.0,33.0,0.424,85.0,268.0,0.317,0.0,2.0,0.0,33.0,89.0,0.371
1628365,Markelle Fultz,1610612753,ORL,24.0,Markelle,42.0,58.0,0.724,14,44,0.318,23.0,56.0,0.411,1.0,2.0,0.5,0.0,0.0,0.0,3.0,12.0,0.25,0.0,3.0,0.0,1.0,2.0,0.5
202693,Markieff Morris,1610612748,MIA,32.0,Markieff,15.0,22.0,0.682,11,18,0.611,15.0,35.0,0.429,5.0,13.0,0.385,2.0,6.0,0.333,6.0,20.0,0.3,0.0,0.0,0.0,7.0,19.0,0.368
1630250,Marko Simonovic,1610612741,CHI,22.0,Marko,3.0,6.0,0.5,0,2,0.0,0.0,2.0,0.0,0.0,0.0,0.0,0.0,0.0,0.0,1.0,5.0,0.2,0.0,0.0,0.0,0.0,0.0,0.0
1630210,Markus Howard,1610612743,DEN,23.0,Markus,4.0,12.0,0.333,4,9,0.444,3.0,10.0,0.3,3.0,8.0,0.375,6.0,9.0,0.667,19.0,53.0,0.358,0.0,0.0,0.0,9.0,17.0,0.529
1627737,Marquese Chriss,1610612742,DAL,24.0,Marquese,47.0,85.0,0.553,5,21,0.238,2.0,3.0,0.667,1.0,4.0,0.25,1.0,1.0,1.0,6.0,19.0,0.316,0.0,1.0,0.0,2.0,5.0,0.4
1628963,Marvin Bagley III,1610612765,DET,23.0,Marvin,135.0,185.0,0.73,57,132,0.432,10.0,32.0,0.313,6.0,26.0,0.231,4.0,21.0,0.19,13.0,49.0,0.265,0.0,1.0,0.0,10.0,47.0,0.213
1630222,Mason Jones,1610612747,LAL,23.0,Mason,4.0,8.0,0.5,2,2,1.0,0.0,1.0,0.0,0.0,0.0,0.0,0.0,0.0,0.0,1.0,4.0,0.25,0.0,0.0,0.0,0.0,0.0,0.0
203486,Mason Plumlee,1610612766,CHA,32.0,Mason,185.0,253.0,0.731,17,59,0.288,3.0,6.0,0.5,0.0,0.0,0.0,0.0,0.0,0.0,0.0,1.0,0.0,0.0,1.0,0.0,0.0,0.0,0.0
1629680,Matisse Thybulle,1610612755,PHI,25.0,Matisse,98.0,130.0,0.754,7,21,0.333,0.0,5.0,0.0,18.0,35.0,0.514,9.0,39.0,0.231,18.0,70.0,0.257,0.0,0.0,0.0,27.0,74.0,0.365
1629760,Matt Mooney,1610612752,NYK,27.0,Matt,0.0,0.0,0.0,0,0,0.0,,,,,,,,,,0.0,1.0,0.0,,,,,,
1630346,Matt Ryan,1610612738,BOS,25.0,Matt,0.0,0.0,0.0,0,0,0.0,0.0,0.0,0.0,1.0,2.0,0.5,0.0,0.0,0.0,0.0,3.0,0.0,0.0,0.0,0.0,1.0,2.0,0.5
1629744,Matt Thomas,1610612741,CHI,27.0,Matt,1.0,1.0,1.0,0,7,0.0,19.0,35.0,0.543,7.0,15.0,0.467,4.0,8.0,0.5,24.0,68.0,0.353,0.0,0.0,0.0,11.0,23.0,0.478
203090,Maurice Harkless,1610612758,SAC,29.0,Maurice,43.0,61.0,0.705,8,15,0.533,1.0,4.0,0.25,6.0,26.0,0.231,16.0,37.0,0.432,9.0,38.0,0.237,0.0,0.0,0.0,22.0,63.0,0.349
1629622,Max Strus,1610612748,MIA,26.0,Max,56.0,89.0,0.629,8,21,0.381,4.0,12.0,0.333,34.0,69.0,0.493,26.0,53.0,0.491,121.0,319.0,0.379,0.0,1.0,0.0,60.0,122.0,0.492
1628467,Maxi Kleber,1610612742,DAL,30.0,Maxi,51.0,65.0,0.785,4,19,0.211,3.0,15.0,0.2,8.0,27.0,0.296,12.0,34.0,0.353,63.0,193.0,0.326,0.0,1.0,0.0,20.0,61.0,0.328
1630593,McKinley Wright IV,1610612750,MIN,23.0,McKinley,0.0,0.0,0.0,1,1,1.0,0.0,0.0,0.0,0.0,0.0,0.0,0.0,0.0,0.0,1.0,2.0,0.5,0.0,0.0,0.0,0.0,0.0,0.0
1628982,Melvin Frazier Jr.,1610612760,OKC,25.0,Melvin,11.0,19.0,0.579,1,8,0.125,0.0,1.0,0.0,1.0,10.0,0.1,0.0,5.0,0.0,0.0,5.0,0.0,0.0,0.0,0.0,1.0,15.0,0.067
1630695,Micah Potter,1610612765,DET,24.0,Micah,4.0,7.0,0.571,0,1,0.0,1.0,1.0,1.0,0.0,0.0,0.0,0.0,0.0,0.0,0.0,2.0,0.0,0.0,0.0,0.0,0.0,0.0,0.0
1629008,Michael Porter Jr.,1610612743,DEN,24.0,Michael,14.0,23.0,0.609,3,10,0.3,10.0,22.0,0.455,0.0,3.0,0.0,0.0,2.0,0.0,10.0,43.0,0.233,0.0,0.0,0.0,0.0,5.0,0.0
1628969,Mikal Bridges,1610612756,PHX,25.0,Mikal,183.0,232.0,0.789,120,208,0.577,40.0,106.0,0.377,24.0,71.0,0.338,47.0,109.0,0.431,44.0,132.0,0.333,0.0,0.0,0.0,71.0,180.0,0.394
201144,Mike Conley,1610612762,UTA,34.0,Mike,51.0,96.0,0.531,110,240,0.458,14.0,41.0,0.341,10.0,19.0,0.526,17.0,51.0,0.333,142.0,343.0,0.414,0.0,1.0,0.0,27.0,70.0,0.386
203488,Mike Muscala,1610612760,OKC,30.0,Mike,26.0,40.0,0.65,8,17,0.471,9.0,28.0,0.321,7.0,20.0,0.35,3.0,9.0,0.333,60.0,134.0,0.448,0.0,0.0,0.0,10.0,29.0,0.345
1628970,Miles Bridges,1610612766,CHA,24.0,Miles,347.0,507.0,0.684,73,182,0.401,23.0,61.0,0.377,26.0,74.0,0.351,19.0,59.0,0.322,108.0,325.0,0.332,0.0,6.0,0.0,45.0,133.0,0.338
1630540,Miles McBride,1610612752,NYK,21.0,Miles,9.0,16.0,0.563,2,10,0.2,5.0,15.0,0.333,3.0,11.0,0.273,3.0,6.0,0.5,10.0,50.0,0.2,0.0,0.0,0.0,6.0,17.0,0.353
1629011,Mitchell Robinson,1610612752,NYK,24.0,Mitchell,255.0,331.0,0.77,6,12,0.5,0.0,0.0,0.0,0.0,0.0,0.0,0.0,0.0,0.0,0.0,0.0,0.0,0.0,0.0,0.0,0.0,0.0,0.0
1629671,Miye Oni,1610612762,UTA,24.0,Miye,1.0,1.0,1.0,0,0,0.0,0.0,0.0,0.0,0.0,4.0,0.0,1.0,2.0,0.5,0.0,2.0,0.0,0.0,0.0,0.0,1.0,6.0,0.167
1628964,Mo Bamba,1610612753,ORL,24.0,Mo,145.0,206.0,0.704,25,66,0.379,19.0,64.0,0.297,10.0,30.0,0.333,14.0,47.0,0.298,83.0,204.0,0.407,0.0,0.0,0.0,24.0,77.0,0.312
1628420,Monte Morris,1610612743,DEN,27.0,Monte,108.0,160.0,0.675,50,105,0.476,92.0,194.0,0.474,28.0,57.0,0.491,15.0,52.0,0.288,81.0,205.0,0.395,0.0,0.0,0.0,43.0,109.0,0.394
1626149,Montrezl Harrell,1610612766,CHA,28.0,Montrezl,290.0,387.0,0.749,44,99,0.444,20.0,52.0,0.385,1.0,1.0,1.0,0.0,1.0,0.0,3.0,13.0,0.231,0.0,2.0,0.0,1.0,2.0,0.5
1629021,Moritz Wagner,1610612753,ORL,25.0,Moritz,119.0,157.0,0.758,12,33,0.364,0.0,6.0,0.0,4.0,13.0,0.308,6.0,12.0,0.5,56.0,175.0,0.32,0.0,0.0,0.0,10.0,25.0,0.4
1629650,Moses Brown,1610612739,CLE,22.0,Moses,56.0,89.0,0.629,8,17,0.471,0.0,2.0,0.0,0.0,0.0,0.0,0.0,0.0,0.0,0.0,0.0,0.0,0.0,0.0,0.0,0.0,0.0,0.0
1630541,Moses Moody,1610612744,GSW,20.0,Moses,29.0,45.0,0.644,6,14,0.429,5.0,14.0,0.357,6.0,23.0,0.261,4.0,15.0,0.267,30.0,72.0,0.417,0.0,0.0,0.0,10.0,38.0,0.263
1630589,Moses Wright,1610612742,DAL,23.0,Moses,1.0,1.0,1.0,0,1,0.0,0.0,1.0,0.0,0.0,0.0,0.0,0.0,1.0,0.0,0.0,0.0,0.0,0.0,0.0,0.0,0.0,1.0,0.0
1628539,Mychal Mulder,1610612748,MIA,28.0,Mychal,5.0,12.0,0.417,1,7,0.143,1.0,4.0,0.25,5.0,13.0,0.385,1.0,1.0,1.0,11.0,40.0,0.275,0.0,0.0,0.0,6.0,14.0,0.429
1629619,Myles Powell,1610612755,PHI,24.0,Myles,4.0,6.0,0.667,0,3,0.0,0.0,2.0,0.0,0.0,0.0,0.0,0.0,0.0,0.0,1.0,6.0,0.167,0.0,0.0,0.0,0.0,0.0,0.0
1626167,Myles Turner,1610612754,IND,26.0,Myles,87.0,116.0,0.75,43,77,0.558,9.0,17.0,0.529,4.0,15.0,0.267,7.0,20.0,0.35,50.0,148.0,0.338,0.0,0.0,0.0,11.0,35.0,0.314
1630230,Naji Marshall,1610612740,NOP,24.0,Naji,58.0,101.0,0.574,27,48,0.563,3.0,16.0,0.188,2.0,18.0,0.111,4.0,19.0,0.211,15.0,67.0,0.224,0.0,0.0,0.0,6.0,37.0,0.162
1629642,Nassir Little,1610612757,POR,22.0,Nassir,72.0,106.0,0.679,12,31,0.387,10.0,24.0,0.417,7.0,18.0,0.389,9.0,25.0,0.36,35.0,111.0,0.315,0.0,0.0,0.0,16.0,43.0,0.372
1630207,Nate Hinton,1610612754,IND,23.0,Nate,0.0,0.0,0.0,0,1,0.0,0.0,0.0,0.0,,,,,,,0.0,0.0,0.0,,,,,,
1630233,Nathan Knight,1610612750,MIN,24.0,Nathan,36.0,59.0,0.61,5,16,0.313,0.0,0.0,0.0,1.0,1.0,1.0,1.0,3.0,0.333,2.0,9.0,0.222,0.0,0.0,0.0,2.0,4.0,0.5
1629675,Naz Reid,1610612750,MIN,22.0,Naz,148.0,225.0,0.658,28,83,0.337,0.0,2.0,0.0,9.0,20.0,0.45,10.0,19.0,0.526,38.0,127.0,0.299,0.0,0.0,0.0,19.0,39.0,0.487
1629674,Neemias Queta,1610612758,SAC,22.0,Neemias,11.0,20.0,0.55,6,11,0.545,0.0,7.0,0.0,0.0,0.0,0.0,0.0,0.0,0.0,0.0,0.0,0.0,0.0,0.0,0.0,0.0,0.0,0.0
202357,Nemanja Bjelica,1610612744,GSW,34.0,Nemanja,71.0,104.0,0.683,28,74,0.378,7.0,15.0,0.467,3.0,10.0,0.3,5.0,10.0,0.5,46.0,129.0,0.357,0.0,0.0,0.0,8.0,20.0,0.4
203457,Nerlens Noel,1610612752,NYK,28.0,Nerlens,19.0,33.0,0.576,9,17,0.529,4.0,7.0,0.571,0.0,1.0,0.0,0.0,1.0,0.0,0.0,0.0,0.0,0.0,1.0,0.0,0.0,2.0,0.0
1629651,Nic Claxton,1610612751,BKN,23.0,Nic,163.0,208.0,0.784,14,54,0.259,1.0,2.0,0.5,0.0,0.0,0.0,0.0,0.0,0.0,0.0,0.0,0.0,0.0,0.0,0.0,0.0,0.0,0.0
1630208,Nick Richards,1610612766,CHA,24.0,Nick,50.0,71.0,0.704,8,17,0.471,2.0,2.0,1.0,0.0,0.0,0.0,0.0,0.0,0.0,0.0,0.0,0.0,0.0,0.0,0.0,0.0,0.0,0.0
1629638,Nickeil Alexander-Walker,1610612762,UTA,23.0,Nickeil,99.0,187.0,0.529,29,86,0.337,22.0,72.0,0.306,14.0,46.0,0.304,16.0,39.0,0.41,73.0,248.0,0.294,0.0,2.0,0.0,30.0,85.0,0.353
201587,Nicolas Batum,1610612746,LAC,33.0,Nicolas,41.0,52.0,0.788,5,14,0.357,25.0,51.0,0.49,18.0,37.0,0.486,26.0,53.0,0.491,64.0,180.0,0.356,0.0,0.0,0.0,44.0,90.0,0.489
203917,Nik Stauskas,1610612738,BOS,28.0,Nik,0.0,1.0,0.0,0,0,0.0,1.0,3.0,0.333,1.0,2.0,0.5,2.0,3.0,0.667,1.0,5.0,0.2,0.0,0.0,0.0,3.0,5.0,0.6
203999,Nikola Jokić,1610612743,DEN,27.0,Nikola,350.0,487.0,0.719,249,409,0.609,68.0,127.0,0.535,2.0,6.0,0.333,1.0,5.0,0.2,94.0,274.0,0.343,0.0,3.0,0.0,3.0,11.0,0.273
202696,Nikola Vučević,1610612741,CHI,31.0,Nikola,208.0,304.0,0.684,140,283,0.495,94.0,237.0,0.397,3.0,12.0,0.25,3.0,9.0,0.333,98.0,307.0,0.319,0.0,2.0,0.0,6.0,21.0,0.286
1626181,Norman Powell,1610612746,LAC,29.0,Norman,100.0,187.0,0.535,35,84,0.417,39.0,82.0,0.476,21.0,47.0,0.447,13.0,37.0,0.351,71.0,168.0,0.423,0.0,0.0,0.0,34.0,84.0,0.405
203658,Norvel Pelle,1610612762,UTA,29.0,Norvel,3.0,5.0,0.6,0,0,0.0,0.0,0.0,0.0,0.0,0.0,0.0,0.0,0.0,0.0,0.0,0.0,0.0,0.0,0.0,0.0,0.0,0.0,0.0
1628384,OG Anunoby,1610612761,TOR,24.0,OG,136.0,210.0,0.648,28,80,0.35,30.0,91.0,0.33,25.0,53.0,0.472,21.0,47.0,0.447,69.0,216.0,0.319,0.0,0.0,0.0,46.0,100.0,0.46
1630167,Obi Toppin,1610612752,NYK,24.0,Obi,185.0,257.0,0.72,11,34,0.324,4.0,16.0,0.25,22.0,61.0,0.361,7.0,22.0,0.318,22.0,82.0,0.268,0.0,1.0,0.0,29.0,83.0,0.349
1630846,Olivier Sarr,1610612760,OKC,23.0,Olivier,25.0,38.0,0.658,15,27,0.556,5.0,7.0,0.714,0.0,4.0,0.0,1.0,3.0,0.333,12.0,22.0,0.545,0.0,0.0,0.0,1.0,7.0,0.143
1630209,Omer Yurtseven,1610612748,MIA,24.0,Omer,86.0,127.0,0.677,38,88,0.432,5.0,21.0,0.238,0.0,2.0,0.0,0.0,0.0,0.0,1.0,9.0,0.111,0.0,0.0,0.0,0.0,2.0,0.0
1630168,Onyeka Okongwu,1610612737,ATL,21.0,Onyeka,126.0,170.0,0.741,30,55,0.545,0.0,1.0,0.0,0.0,0.0,0.0,0.0,0.0,0.0,0.0,0.0,0.0,0.0,0.0,0.0,0.0,0.0,0.0
1629052,Oshae Brissett,1610612754,IND,24.0,Oshae,107.0,195.0,0.549,14,53,0.264,4.0,21.0,0.19,19.0,45.0,0.422,12.0,37.0,0.324,52.0,153.0,0.34,0.0,2.0,0.0,31.0,82.0,0.378
203490,Otto Porter Jr.,1610612744,GSW,29.0,Otto,62.0,87.0,0.713,26,57,0.456,26.0,59.0,0.441,8.0,28.0,0.286,9.0,25.0,0.36,62.0,160.0,0.388,0.0,0.0,0.0,17.0,53.0,0.321
200782,P.J. Tucker,1610612748,MIA,37.0,P.J.,63.0,108.0,0.583,53,99,0.535,11.0,29.0,0.379,29.0,84.0,0.345,42.0,88.0,0.477,9.0,20.0,0.45,0.0,0.0,0.0,71.0,172.0,0.413
1629023,P.J. Washington,1610612766,CHA,23.0,P.J.,116.0,173.0,0.671,22,51,0.431,2.0,7.0,0.286,15.0,36.0,0.417,9.0,41.0,0.22,86.0,221.0,0.389,0.0,3.0,0.0,24.0,77.0,0.312
1628408,PJ Dozier,1610612743,DEN,25.0,PJ,11.0,16.0,0.688,3,16,0.188,7.0,19.0,0.368,2.0,8.0,0.25,2.0,7.0,0.286,11.0,33.0,0.333,0.0,0.0,0.0,4.0,15.0,0.267
1628238,Paris Bass,1610612756,PHX,26.0,Paris,2.0,2.0,1.0,0,2,0.0,0.0,0.0,0.0,,,,,,,0.0,2.0,0.0,0.0,0.0,0.0,,,
1627783,Pascal Siakam,1610612761,TOR,28.0,Pascal,223.0,334.0,0.668,221,440,0.502,77.0,215.0,0.358,11.0,17.0,0.647,9.0,25.0,0.36,55.0,175.0,0.314,0.0,1.0,0.0,20.0,42.0,0.476
1626192,Pat Connaughton,1610612749,MIL,29.0,Pat,64.0,90.0,0.711,12,24,0.5,5.0,12.0,0.417,23.0,44.0,0.523,27.0,67.0,0.403,96.0,258.0,0.372,0.0,1.0,0.0,50.0,111.0,0.45
201976,Patrick Beverley,1610612750,MIN,33.0,Patrick,46.0,82.0,0.561,39,88,0.443,9.0,24.0,0.375,15.0,27.0,0.556,11.0,28.0,0.393,57.0,186.0,0.306,0.0,1.0,0.0,26.0,55.0,0.473
1630172,Patrick Williams,1610612741,CHI,20.0,Patrick,20.0,29.0,0.69,8,18,0.444,11.0,26.0,0.423,2.0,6.0,0.333,4.0,6.0,0.667,9.0,17.0,0.529,0.0,0.0,0.0,6.0,12.0,0.5
201988,Patty Mills,1610612751,BKN,33.0,Patty,39.0,62.0,0.629,10,29,0.345,48.0,135.0,0.356,34.0,77.0,0.442,30.0,79.0,0.38,163.0,409.0,0.399,0.0,3.0,0.0,64.0,156.0,0.41
202331,Paul George,1610612746,LAC,32.0,Paul,69.0,116.0,0.595,34,89,0.382,74.0,174.0,0.425,11.0,20.0,0.55,13.0,23.0,0.565,67.0,214.0,0.313,0.0,0.0,0.0,24.0,43.0,0.558
200794,Paul Millsap,1610612755,PHI,37.0,Paul,24.0,46.0,0.522,10,21,0.476,3.0,13.0,0.231,0.0,8.0,0.0,1.0,5.0,0.2,7.0,22.0,0.318,0.0,0.0,0.0,1.0,13.0,0.077
1630194,Paul Reed,1610612755,PHI,23.0,Paul,48.0,69.0,0.696,3,15,0.2,1.0,4.0,0.25,0.0,3.0,0.0,0.0,2.0,0.0,2.0,2.0,1.0,0.0,1.0,0.0,0.0,5.0,0.0
1628778,Paul Watson,1610612760,OKC,27.0,Paul,3.0,4.0,0.75,3,5,0.6,0.0,0.0,0.0,2.0,7.0,0.286,1.0,5.0,0.2,3.0,14.0,0.214,0.0,0.0,0.0,3.0,12.0,0.25
1630202,Payton Pritchard,1610612738,BOS,24.0,Payton,24.0,45.0,0.533,10,29,0.345,26.0,55.0,0.473,11.0,20.0,0.55,13.0,22.0,0.591,76.0,202.0,0.376,0.0,0.0,0.0,24.0,42.0,0.571
1627822,Petr Cornelie,1610612743,DEN,26.0,Petr,3.0,5.0,0.6,1,1,1.0,0.0,1.0,0.0,0.0,1.0,0.0,0.0,2.0,0.0,1.0,5.0,0.2,0.0,0.0,0.0,0.0,3.0,0.0
1630173,Precious Achiuwa,1610612761,TOR,22.0,Precious,141.0,239.0,0.59,53,148,0.358,15.0,61.0,0.246,10.0,40.0,0.25,11.0,27.0,0.407,35.0,88.0,0.398,0.0,0.0,0.0,21.0,67.0,0.313
1629656,Quentin Grimes,1610612752,NYK,22.0,Quentin,15.0,23.0,0.652,0,4,0.0,8.0,19.0,0.421,16.0,33.0,0.485,6.0,17.0,0.353,50.0,139.0,0.36,0.0,0.0,0.0,22.0,50.0,0.44
1629683,Quinndary Weatherspoon,1610612744,GSW,25.0,Quinndary,9.0,12.0,0.75,2,4,0.5,0.0,0.0,0.0,0.0,0.0,0.0,0.0,1.0,0.0,1.0,4.0,0.25,0.0,0.0,0.0,0.0,1.0,0.0
1630181,R.J. Hampton,1610612753,ORL,21.0,R.J.,66.0,139.0,0.475,38,104,0.365,7.0,32.0,0.219,7.0,21.0,0.333,7.0,15.0,0.467,50.0,145.0,0.345,0.0,1.0,0.0,14.0,36.0,0.389
1629628,RJ Barrett,1610612752,NYK,22.0,RJ,242.0,441.0,0.549,79,257,0.307,29.0,93.0,0.312,12.0,43.0,0.279,21.0,62.0,0.339,104.0,297.0,0.35,0.0,1.0,0.0,33.0,105.0,0.314
1630612,RJ Nembhard Jr.,1610612739,CLE,23.0,RJ,6.0,8.0,0.75,0,5,0.0,0.0,3.0,0.0,0.0,0.0,0.0,0.0,0.0,0.0,0.0,2.0,0.0,0.0,0.0,0.0,0.0,0.0,0.0
200765,Rajon Rondo,1610612739,CLE,36.0,Rajon,27.0,50.0,0.54,7,28,0.25,3.0,11.0,0.273,1.0,6.0,0.167,2.0,5.0,0.4,28.0,76.0,0.368,0.0,0.0,0.0,3.0,11.0,0.273
203526,Raul Neto,1610612764,WAS,30.0,Raul,80.0,125.0,0.64,65,159,0.409,24.0,37.0,0.649,2.0,7.0,0.286,3.0,10.0,0.3,30.0,101.0,0.297,0.0,2.0,0.0,5.0,17.0,0.294
1629730,Rayjon Tucker,1610612749,MIL,24.0,Rayjon,2.0,2.0,1.0,0,0,0.0,0.0,2.0,0.0,0.0,0.0,0.0,1.0,1.0,1.0,3.0,4.0,0.75,0.0,0.0,0.0,1.0,1.0,1.0
203493,Reggie Bullock Jr.,1610612742,DAL,31.0,Reggie,34.0,50.0,0.68,9,28,0.321,18.0,33.0,0.545,38.0,100.0,0.38,34.0,81.0,0.42,68.0,209.0,0.325,0.0,0.0,0.0,72.0,181.0,0.398
202704,Reggie Jackson,1610612746,LAC,32.0,Reggie,132.0,232.0,0.569,112,250,0.448,68.0,228.0,0.298,16.0,48.0,0.333,20.0,51.0,0.392,131.0,411.0,0.319,0.0,2.0,0.0,36.0,99.0,0.364
1629617,Reggie Perry,1610612757,POR,22.0,Reggie,25.0,32.0,0.781,7,22,0.318,5.0,9.0,0.556,0.0,0.0,0.0,0.0,1.0,0.0,3.0,15.0,0.2,0.0,0.0,0.0,0.0,1.0,0.0
1626158,Richaun Holmes,1610612758,SAC,28.0,Richaun,125.0,165.0,0.758,64,117,0.547,7.0,13.0,0.538,0.0,0.0,0.0,1.0,1.0,1.0,1.0,4.0,0.25,0.0,0.0,0.0,1.0,1.0,1.0
201937,Ricky Rubio,1610612754,IND,31.0,Ricky,40.0,93.0,0.43,25,72,0.347,25.0,73.0,0.342,14.0,38.0,0.368,4.0,16.0,0.25,41.0,117.0,0.35,0.0,2.0,0.0,18.0,54.0,0.333
1630306,Rob Edwards,1610612760,OKC,25.0,Rob,0.0,0.0,0.0,0,0,0.0,0.0,0.0,0.0,0.0,2.0,0.0,0.0,0.0,0.0,1.0,2.0,0.5,,,,0.0,2.0,0.0
203496,Robert Covington,1610612746,LAC,31.0,Robert,65.0,109.0,0.596,11,34,0.324,5.0,16.0,0.313,15.0,30.0,0.5,23.0,39.0,0.59,90.0,270.0,0.333,0.0,0.0,0.0,38.0,69.0,0.551
1629057,Robert Williams III,1610612738,BOS,24.0,Robert,249.0,316.0,0.788,18,41,0.439,4.0,10.0,0.4,0.0,0.0,0.0,0.0,0.0,0.0,0.0,1.0,0.0,0.0,0.0,0.0,0.0,0.0,0.0
1630218,Robert Woodard II,1610612759,SAS,22.0,Robert,1.0,5.0,0.2,0,4,0.0,0.0,3.0,0.0,0.0,0.0,0.0,0.0,1.0,0.0,1.0,3.0,0.333,0.0,0.0,0.0,0.0,1.0,0.0
201577,Robin Lopez,1610612753,ORL,34.0,Robin,48.0,72.0,0.667,57,104,0.548,3.0,17.0,0.176,1.0,1.0,1.0,0.0,0.0,0.0,1.0,4.0,0.25,0.0,1.0,0.0,1.0,1.0,1.0
203918,Rodney Hood,1610612746,LAC,29.0,Rodney,13.0,16.0,0.813,6,18,0.333,10.0,34.0,0.294,6.0,12.0,0.5,4.0,15.0,0.267,19.0,62.0,0.306,0.0,0.0,0.0,10.0,27.0,0.37
203585,Rodney McGruder,1610612765,DET,30.0,Rodney,26.0,44.0,0.591,7,21,0.333,7.0,14.0,0.5,21.0,45.0,0.467,11.0,28.0,0.393,26.0,72.0,0.361,0.0,1.0,0.0,32.0,73.0,0.438
1629641,Romeo Langford,1610612759,SAS,22.0,Romeo,31.0,52.0,0.596,16,38,0.421,7.0,16.0,0.438,4.0,18.0,0.222,11.0,29.0,0.379,14.0,37.0,0.378,0.0,1.0,0.0,15.0,47.0,0.319
1626220,Royce O'Neale,1610612762,UTA,29.0,Royce,72.0,107.0,0.673,11,26,0.423,1.0,5.0,0.2,21.0,53.0,0.396,18.0,48.0,0.375,80.0,204.0,0.392,0.0,1.0,0.0,39.0,101.0,0.386
200752,Rudy Gay,1610612762,UTA,35.0,Rudy,47.0,64.0,0.734,16,57,0.281,24.0,55.0,0.436,10.0,27.0,0.37,12.0,33.0,0.364,48.0,143.0,0.336,0.0,0.0,0.0,22.0,60.0,0.367
203497,Rudy Gobert,1610612762,UTA,30.0,Rudy,342.0,445.0,0.769,20,58,0.345,0.0,1.0,0.0,0.0,0.0,0.0,0.0,0.0,0.0,0.0,2.0,0.0,0.0,2.0,0.0,0.0,0.0,0.0
1629060,Rui Hachimura,1610612764,WAS,24.0,Rui,70.0,92.0,0.761,26,63,0.413,36.0,103.0,0.35,6.0,17.0,0.353,10.0,19.0,0.526,39.0,87.0,0.448,0.0,0.0,0.0,16.0,36.0,0.444
201566,Russell Westbrook,1610612747,LAL,33.0,Russell,312.0,535.0,0.583,70,206,0.34,87.0,227.0,0.383,18.0,36.0,0.5,5.0,15.0,0.333,56.0,214.0,0.262,0.0,0.0,0.0,23.0,51.0,0.451
1627853,Ryan Arcidiacono,1610612752,NYK,28.0,Ryan,0.0,0.0,0.0,2,2,1.0,0.0,1.0,0.0,1.0,1.0,1.0,1.0,2.0,0.5,2.0,6.0,0.333,0.0,0.0,0.0,2.0,3.0,0.667
1630240,Saben Lee,1610612765,DET,23.0,Saben,48.0,84.0,0.571,6,27,0.222,1.0,6.0,0.167,3.0,10.0,0.3,0.0,4.0,0.0,11.0,46.0,0.239,0.0,0.0,0.0,3.0,14.0,0.214
1630180,Saddiq Bey,1610612765,DET,23.0,Saddiq,141.0,244.0,0.578,47,148,0.318,51.0,134.0,0.381,38.0,99.0,0.384,25.0,62.0,0.403,148.0,440.0,0.336,0.0,9.0,0.0,63.0,161.0,0.391
1626155,Sam Dekker,1610612761,TOR,28.0,Sam,0.0,0.0,0.0,0,0,0.0,,,,,,,0.0,0.0,0.0,,,,,,,0.0,0.0,0.0
1630573,Sam Hauser,1610612738,BOS,24.0,Sam,4.0,5.0,0.8,0,1,0.0,0.0,0.0,0.0,3.0,7.0,0.429,5.0,8.0,0.625,11.0,29.0,0.379,0.0,0.0,0.0,8.0,15.0,0.533
1630241,Sam Merrill,1610612763,MEM,26.0,Sam,1.0,1.0,1.0,0,0,0.0,0.0,0.0,0.0,1.0,4.0,0.25,0.0,1.0,0.0,6.0,18.0,0.333,0.0,0.0,0.0,1.0,5.0,0.2
1630572,Sandro Mamukelashvili,1610612749,MIL,23.0,Sandro,30.0,48.0,0.625,4,12,0.333,1.0,3.0,0.333,3.0,5.0,0.6,1.0,8.0,0.125,18.0,39.0,0.462,0.0,0.0,0.0,4.0,13.0,0.308
1630583,Santi Aldama,1610612763,MEM,21.0,Santi,35.0,54.0,0.648,11,27,0.407,1.0,3.0,0.333,0.0,4.0,0.0,4.0,8.0,0.5,2.0,36.0,0.056,0.0,0.0,0.0,4.0,12.0,0.333
1630567,Scottie Barnes,1610612761,TOR,20.0,Scottie,215.0,303.0,0.71,124,285,0.435,63.0,154.0,0.409,5.0,17.0,0.294,15.0,40.0,0.375,36.0,129.0,0.279,1.0,4.0,0.25,20.0,57.0,0.351
1630575,Scottie Lewis,1610612766,CHA,22.0,Scottie,0.0,0.0,0.0,0,0,0.0,0.0,0.0,0.0,0.0,0.0,0.0,,,,0.0,0.0,0.0,0.0,0.0,0.0,0.0,0.0,0.0
203816,Scotty Hopson,1610612760,OKC,32.0,Scotty,0.0,0.0,0.0,0,1,0.0,2.0,2.0,1.0,0.0,0.0,0.0,0.0,0.0,0.0,0.0,1.0,0.0,0.0,0.0,0.0,0.0,0.0,0.0
1629635,Sekou Doumbouya,1610612747,LAL,21.0,Sekou,4.0,5.0,0.8,0,1,0.0,0.0,0.0,0.0,0.0,0.0,0.0,0.0,0.0,0.0,1.0,2.0,0.5,0.0,0.0,0.0,0.0,0.0,0.0
1628400,Semi Ojeleye,1610612746,LAC,27.0,Semi,7.0,12.0,0.583,6,30,0.2,2.0,7.0,0.286,1.0,9.0,0.111,3.0,10.0,0.3,11.0,30.0,0.367,0.0,1.0,0.0,4.0,19.0,0.211
201586,Serge Ibaka,1610612749,MIL,32.0,Serge,54.0,75.0,0.72,37,72,0.514,20.0,50.0,0.4,2.0,6.0,0.333,1.0,5.0,0.2,34.0,88.0,0.386,0.0,0.0,0.0,3.0,11.0,0.273
203552,Seth Curry,1610612751,BKN,31.0,Seth,36.0,54.0,0.667,44,82,0.537,122.0,230.0,0.53,18.0,36.0,0.5,18.0,38.0,0.474,122.0,299.0,0.408,0.0,0.0,0.0,36.0,74.0,0.486
1628983,Shai Gilgeous-Alexander,1610612760,OKC,23.0,Shai,195.0,315.0,0.619,141,321,0.439,52.0,119.0,0.437,4.0,14.0,0.286,5.0,11.0,0.455,80.0,272.0,0.294,0.0,0.0,0.0,9.0,25.0,0.36
1629003,Shake Milton,1610612755,PHI,25.0,Shake,66.0,110.0,0.6,48,108,0.444,16.0,53.0,0.302,6.0,17.0,0.353,7.0,17.0,0.412,30.0,97.0,0.309,0.0,1.0,0.0,13.0,34.0,0.382
1629783,Shaq Buchanan,1610612763,MEM,25.0,Shaq,1.0,2.0,0.5,0,0,0.0,0.0,0.0,0.0,0.0,0.0,0.0,0.0,0.0,0.0,0.0,2.0,0.0,0.0,0.0,0.0,0.0,0.0,0.0
1627885,Shaquille Harrison,1610612751,BKN,28.0,Shaquille,2.0,3.0,0.667,0,1,0.0,0.0,0.0,0.0,0.0,0.0,0.0,0.0,2.0,0.0,0.0,0.0,0.0,0.0,0.0,0.0,0.0,2.0,0.0
1630536,Sharife Cooper,1610612737,ATL,21.0,Sharife,2.0,8.0,0.25,0,0,0.0,0.0,0.0,0.0,0.0,0.0,0.0,0.0,2.0,0.0,1.0,4.0,0.25,0.0,0.0,0.0,0.0,2.0,0.0
1630219,Skylar Mays,1610612737,ATL,24.0,Skylar,19.0,29.0,0.655,2,6,0.333,3.0,4.0,0.75,2.0,9.0,0.222,0.0,0.0,0.0,6.0,16.0,0.375,0.0,0.0,0.0,2.0,9.0,0.222
203524,Solomon Hill,1610612737,ATL,31.0,Solomon,1.0,6.0,0.167,0,1,0.0,0.0,0.0,0.0,1.0,3.0,0.333,0.0,0.0,0.0,1.0,9.0,0.111,0.0,1.0,0.0,1.0,3.0,0.333
203915,Spencer Dinwiddie,1610612742,DAL,29.0,Spencer,99.0,160.0,0.619,64,165,0.388,31.0,80.0,0.388,10.0,25.0,0.4,12.0,35.0,0.343,90.0,269.0,0.335,0.0,1.0,0.0,22.0,60.0,0.367
1626169,Stanley Johnson,1610612747,LAL,26.0,Stanley,54.0,82.0,0.659,21,47,0.447,9.0,18.0,0.5,7.0,21.0,0.333,5.0,24.0,0.208,21.0,59.0,0.356,0.0,0.0,0.0,12.0,45.0,0.267
201939,Stephen Curry,1610612744,GSW,34.0,Stephen,124.0,204.0,0.608,67,137,0.489,59.0,134.0,0.44,13.0,39.0,0.333,11.0,37.0,0.297,261.0,668.0,0.391,0.0,5.0,0.0,24.0,76.0,0.316
1628425,Sterling Brown,1610612742,DAL,27.0,Sterling,21.0,38.0,0.553,5,14,0.357,5.0,12.0,0.417,6.0,25.0,0.24,5.0,22.0,0.227,17.0,43.0,0.395,0.0,1.0,0.0,11.0,47.0,0.234
203500,Steven Adams,1610612763,MEM,28.0,Steven,174.0,287.0,0.606,33,87,0.379,3.0,9.0,0.333,0.0,0.0,0.0,0.0,0.0,0.0,0.0,0.0,0.0,0.0,1.0,0.0,0.0,0.0,0.0
1629004,Svi Mykhailiuk,1610612761,TOR,25.0,Svi,34.0,58.0,0.586,9,22,0.409,7.0,21.0,0.333,8.0,22.0,0.364,9.0,21.0,0.429,24.0,90.0,0.267,0.0,0.0,0.0,17.0,43.0,0.395
204456,T.J. McConnell,1610612754,IND,30.0,T.J.,42.0,72.0,0.583,34,64,0.531,14.0,39.0,0.359,1.0,6.0,0.167,2.0,6.0,0.333,7.0,19.0,0.368,0.0,2.0,0.0,3.0,12.0,0.25
1629605,Tacko Fall,1610612739,CLE,26.0,Tacko,5.0,8.0,0.625,0,4,0.0,0.0,0.0,0.0,0.0,0.0,0.0,0.0,0.0,0.0,0.0,0.0,0.0,0.0,0.0,0.0,0.0,0.0,0.0
201959,Taj Gibson,1610612752,NYK,37.0,Taj,48.0,74.0,0.649,13,26,0.5,10.0,28.0,0.357,4.0,11.0,0.364,9.0,15.0,0.6,2.0,12.0,0.167,0.0,0.0,0.0,13.0,26.0,0.5
1629659,Talen Horton-Tucker,1610612747,LAL,21.0,Talen,123.0,202.0,0.609,31,90,0.344,21.0,65.0,0.323,6.0,16.0,0.375,5.0,21.0,0.238,38.0,144.0,0.264,0.0,0.0,0.0,11.0,37.0,0.297
1627752,Taurean Prince,1610612750,MIN,28.0,Taurean,54.0,81.0,0.667,21,47,0.447,18.0,37.0,0.486,25.0,53.0,0.472,18.0,45.0,0.4,41.0,125.0,0.328,0.0,2.0,0.0,43.0,98.0,0.439
1629611,Terance Mann,1610612746,LAC,25.0,Terance,170.0,256.0,0.664,54,125,0.432,34.0,101.0,0.337,14.0,33.0,0.424,18.0,53.0,0.34,44.0,118.0,0.373,0.0,4.0,0.0,32.0,86.0,0.372
1629056,Terence Davis,1610612758,SAC,25.0,Terence,48.0,79.0,0.608,9,23,0.391,7.0,16.0,0.438,7.0,20.0,0.35,4.0,11.0,0.364,38.0,117.0,0.325,0.0,1.0,0.0,11.0,31.0,0.355
203082,Terrence Ross,1610612753,ORL,31.0,Terrence,50.0,74.0,0.676,39,84,0.464,54.0,133.0,0.406,10.0,29.0,0.345,2.0,8.0,0.25,65.0,222.0,0.293,0.0,4.0,0.0,12.0,37.0,0.324
1626179,Terry Rozier,1610612766,CHA,28.0,Terry,154.0,257.0,0.599,82,187,0.439,60.0,131.0,0.458,64.0,158.0,0.405,28.0,65.0,0.431,130.0,366.0,0.355,0.0,3.0,0.0,92.0,223.0,0.413
1630678,Terry Taylor,1610612754,IND,22.0,Terry,96.0,132.0,0.727,23,42,0.548,4.0,8.0,0.5,4.0,15.0,0.267,5.0,11.0,0.455,3.0,11.0,0.273,0.0,1.0,0.0,9.0,26.0,0.346
201152,Thaddeus Young,1610612761,TOR,34.0,Thaddeus,82.0,139.0,0.59,37,72,0.514,5.0,13.0,0.385,11.0,22.0,0.5,3.0,8.0,0.375,3.0,18.0,0.167,0.0,0.0,0.0,14.0,30.0,0.467
203648,Thanasis Antetokounmpo,1610612749,MIL,29.0,Thanasis,64.0,97.0,0.66,2,12,0.167,2.0,5.0,0.4,1.0,5.0,0.2,0.0,1.0,0.0,1.0,7.0,0.143,0.0,1.0,0.0,1.0,6.0,0.167
1630177,Theo Maledon,1610612760,OKC,21.0,Theo,29.0,60.0,0.483,42,94,0.447,4.0,13.0,0.308,4.0,19.0,0.211,2.0,9.0,0.222,38.0,122.0,0.311,0.0,0.0,0.0,6.0,28.0,0.214
1629033,Theo Pinson,1610612742,DAL,26.0,Theo,1.0,2.0,0.5,1,4,0.25,2.0,3.0,0.667,3.0,3.0,1.0,0.0,1.0,0.0,7.0,26.0,0.269,0.0,0.0,0.0,3.0,4.0,0.75
1628418,Thomas Bryant,1610612764,WAS,24.0,Thomas,49.0,67.0,0.731,6,16,0.375,10.0,23.0,0.435,0.0,2.0,0.0,2.0,6.0,0.333,10.0,34.0,0.294,0.0,0.0,0.0,2.0,8.0,0.25
204025,Tim Frazier,1610612739,CLE,31.0,Tim,3.0,4.0,0.75,2,10,0.2,3.0,14.0,0.214,1.0,5.0,0.2,0.0,0.0,0.0,5.0,12.0,0.417,0.0,0.0,0.0,1.0,5.0,0.2
203501,Tim Hardaway Jr.,1610612742,DAL,30.0,Tim,39.0,62.0,0.629,19,48,0.396,51.0,119.0,0.429,10.0,32.0,0.313,11.0,32.0,0.344,79.0,233.0,0.339,0.0,4.0,0.0,21.0,64.0,0.328
1627789,Timothe Luwawu-Cabarrot,1610612737,ATL,27.0,Timothe,25.0,49.0,0.51,3,9,0.333,2.0,6.0,0.333,14.0,21.0,0.667,13.0,37.0,0.351,17.0,64.0,0.266,0.0,0.0,0.0,27.0,58.0,0.466
202699,Tobias Harris,1610612755,PHI,29.0,Tobias,202.0,303.0,0.667,139,318,0.437,52.0,127.0,0.409,9.0,29.0,0.31,21.0,47.0,0.447,70.0,197.0,0.355,0.0,1.0,0.0,30.0,76.0,0.395
203107,Tomas Satoransky,1610612764,WAS,30.0,Tomas,35.0,55.0,0.636,14,50,0.28,12.0,33.0,0.364,0.0,6.0,0.0,1.0,6.0,0.167,10.0,38.0,0.263,0.0,3.0,0.0,1.0,12.0,0.083
1628396,Tony Bradley,1610612741,CHI,24.0,Tony,57.0,88.0,0.648,9,23,0.391,6.0,12.0,0.5,0.0,0.0,0.0,0.0,0.0,0.0,0.0,0.0,0.0,0.0,0.0,0.0,0.0,0.0,0.0
203503,Tony Snell,1610612740,NOP,30.0,Tony,16.0,22.0,0.727,4,14,0.286,4.0,8.0,0.5,9.0,28.0,0.321,13.0,34.0,0.382,23.0,65.0,0.354,0.0,0.0,0.0,22.0,62.0,0.355
1628470,Torrey Craig,1610612756,PHX,31.0,Torrey,87.0,127.0,0.685,26,48,0.542,10.0,32.0,0.313,18.0,50.0,0.36,18.0,49.0,0.367,41.0,133.0,0.308,0.0,2.0,0.0,36.0,99.0,0.364
1629027,Trae Young,1610612737,ATL,23.0,Trae,179.0,302.0,0.593,159,367,0.433,140.0,265.0,0.528,7.0,10.0,0.7,9.0,19.0,0.474,217.0,580.0,0.374,0.0,1.0,0.0,16.0,29.0,0.552
1629309,Trayvon Palmer,1610612765,DET,27.0,Trayvon,0.0,0.0,0.0,0,1,0.0,0.0,0.0,0.0,0.0,0.0,0.0,0.0,0.0,0.0,0.0,0.0,0.0,0.0,0.0,0.0,0.0,0.0,0.0
1630200,Tre Jones,1610612759,SAS,22.0,Tre,73.0,123.0,0.593,62,125,0.496,21.0,40.0,0.525,3.0,13.0,0.231,2.0,11.0,0.182,5.0,24.0,0.208,0.0,3.0,0.0,5.0,24.0,0.208
1630544,Tre Mann,1610612760,OKC,21.0,Tre,44.0,92.0,0.478,64,152,0.421,25.0,72.0,0.347,10.0,25.0,0.4,7.0,18.0,0.389,81.0,225.0,0.36,0.0,4.0,0.0,17.0,43.0,0.395
1629682,Tremont Waters,1610612764,WAS,24.0,Tremont,1.0,1.0,1.0,0,2,0.0,1.0,2.0,0.5,0.0,0.0,0.0,0.0,2.0,0.0,2.0,7.0,0.286,0.0,0.0,0.0,0.0,2.0,0.0
1630570,Trendon Watford,1610612757,POR,21.0,Trendon,90.0,125.0,0.72,40,92,0.435,3.0,12.0,0.25,0.0,4.0,0.0,1.0,7.0,0.143,8.0,27.0,0.296,0.0,0.0,0.0,1.0,11.0,0.091
1630235,Trent Forrest,1610612762,UTA,24.0,Trent,36.0,59.0,0.61,30,59,0.508,5.0,10.0,0.5,1.0,11.0,0.091,3.0,6.0,0.5,1.0,8.0,0.125,0.0,2.0,0.0,4.0,17.0,0.235
1630243,Trevelin Queen,1610612745,HOU,25.0,Trevelin,6.0,8.0,0.75,0,1,0.0,0.0,0.0,0.0,2.0,4.0,0.5,0.0,0.0,0.0,7.0,20.0,0.35,0.0,0.0,0.0,2.0,4.0,0.5
1630286,Trevon Scott,1610612739,CLE,25.0,Trevon,2.0,3.0,0.667,1,2,0.5,0.0,0.0,0.0,0.0,0.0,0.0,0.0,1.0,0.0,0.0,0.0,0.0,0.0,0.0,0.0,0.0,1.0,0.0
2772,Trevor Ariza,1610612747,LAL,37.0,Trevor,13.0,21.0,0.619,0,3,0.0,0.0,1.0,0.0,2.0,13.0,0.154,4.0,16.0,0.25,14.0,45.0,0.311,0.0,0.0,0.0,6.0,29.0,0.207
203504,Trey Burke,1610612742,DAL,29.0,Trey,16.0,29.0,0.552,18,40,0.45,24.0,64.0,0.375,3.0,5.0,0.6,4.0,7.0,0.571,19.0,70.0,0.271,0.0,0.0,0.0,7.0,12.0,0.583
1626168,Trey Lyles,1610612758,SAC,26.0,Trey,138.0,206.0,0.67,42,101,0.416,15.0,46.0,0.326,10.0,22.0,0.455,9.0,29.0,0.31,48.0,157.0,0.306,0.0,1.0,0.0,19.0,51.0,0.373
1630530,Trey Murphy III,1610612740,NOP,22.0,Trey,32.0,62.0,0.516,4,18,0.222,2.0,11.0,0.182,16.0,34.0,0.471,19.0,41.0,0.463,36.0,110.0,0.327,0.0,1.0,0.0,35.0,75.0,0.467
202684,Tristan Thompson,1610612741,CHI,31.0,Tristan,89.0,154.0,0.578,49,106,0.462,2.0,4.0,0.5,0.0,0.0,0.0,0.0,0.0,0.0,1.0,1.0,1.0,0.0,2.0,0.0,0.0,0.0,0.0
1628972,Troy Brown Jr.,1610612741,CHI,22.0,Troy,46.0,85.0,0.541,9,23,0.391,7.0,18.0,0.389,13.0,39.0,0.333,14.0,41.0,0.341,19.0,50.0,0.38,0.0,2.0,0.0,27.0,80.0,0.338
1629660,Ty Jerome,1610612760,OKC,24.0,Ty,16.0,32.0,0.5,47,94,0.5,7.0,16.0,0.438,4.0,15.0,0.267,9.0,17.0,0.529,41.0,153.0,0.268,0.0,1.0,0.0,13.0,32.0,0.406
1629076,Tyler Cook,1610612741,CHI,24.0,Tyler,20.0,32.0,0.625,3,6,0.5,0.0,0.0,0.0,0.0,0.0,0.0,0.0,0.0,0.0,0.0,0.0,0.0,0.0,0.0,0.0,0.0,0.0,0.0
1629788,Tyler Hall,1610612752,NYK,25.0,Tyler,0.0,0.0,0.0,0,0,0.0,,,,,,,,,,0.0,0.0,0.0,,,,,,
1629639,Tyler Herro,1610612748,MIA,22.0,Tyler,120.0,195.0,0.615,101,221,0.457,105.0,268.0,0.392,19.0,41.0,0.463,22.0,57.0,0.386,134.0,335.0,0.4,0.0,5.0,0.0,41.0,98.0,0.418
204020,Tyler Johnson,1610612759,SAS,30.0,Tyler,0.0,0.0,0.0,0,0,0.0,1.0,7.0,0.143,1.0,3.0,0.333,0.0,2.0,0.0,4.0,8.0,0.5,0.0,0.0,0.0,1.0,5.0,0.2
1630179,Tyrell Terry,1610612763,MEM,21.0,Tyrell,0.0,0.0,0.0,0,0,0.0,1.0,1.0,1.0,,,,,,,0.0,0.0,0.0,0.0,0.0,0.0,,,
1630169,Tyrese Haliburton,1610612754,IND,22.0,Tyrese,96.0,149.0,0.644,93,204,0.456,80.0,167.0,0.479,12.0,30.0,0.4,13.0,26.0,0.5,136.0,324.0,0.42,0.0,9.0,0.0,25.0,56.0,0.446
1630178,Tyrese Maxey,1610612755,PHI,21.0,Tyrese,193.0,310.0,0.623,92,216,0.426,67.0,163.0,0.411,11.0,19.0,0.579,23.0,40.0,0.575,97.0,245.0,0.396,0.0,2.0,0.0,34.0,59.0,0.576
1627820,Tyrone Wallace,1610612740,NOP,28.0,Tyrone,5.0,7.0,0.714,0,4,0.0,1.0,2.0,0.5,1.0,2.0,0.5,0.0,1.0,0.0,0.0,4.0,0.0,0.0,0.0,0.0,1.0,3.0,0.333
1626145,Tyus Jones,1610612763,MEM,26.0,Tyus,40.0,69.0,0.58,96,200,0.48,33.0,80.0,0.413,12.0,27.0,0.444,5.0,16.0,0.313,63.0,160.0,0.394,0.0,0.0,0.0,17.0,43.0,0.395
1628962,Udoka Azubuike,1610612762,UTA,22.0,Udoka,34.0,42.0,0.81,3,7,0.429,0.0,0.0,0.0,0.0,0.0,0.0,0.0,0.0,0.0,0.0,0.0,0.0,0.0,0.0,0.0,0.0,0.0,0.0
2617,Udonis Haslem,1610612748,MIA,42.0,Udonis,9.0,14.0,0.643,0,4,0.0,4.0,9.0,0.444,0.0,0.0,0.0,1.0,3.0,0.333,0.0,1.0,0.0,0.0,0.0,0.0,1.0,3.0,0.333
1630586,Usman Garuba,1610612745,HOU,20.0,Usman,14.0,22.0,0.636,0,2,0.0,0.0,0.0,0.0,0.0,1.0,0.0,0.0,4.0,0.0,5.0,15.0,0.333,0.0,0.0,0.0,0.0,5.0,0.0
1630176,Vernon Carey Jr.,1610612764,WAS,21.0,Vernon,6.0,8.0,0.75,0,1,0.0,1.0,4.0,0.25,0.0,0.0,0.0,0.0,0.0,0.0,0.0,0.0,0.0,0.0,0.0,0.0,0.0,0.0,0.0
203506,Victor Oladipo,1610612748,MIA,30.0,Victor,12.0,19.0,0.632,3,8,0.375,5.0,10.0,0.5,3.0,4.0,0.75,1.0,1.0,1.0,11.0,30.0,0.367,0.0,1.0,0.0,4.0,5.0,0.8
1628427,Vlatko Cancar,1610612743,DEN,25.0,Vlatko,14.0,19.0,0.737,2,8,0.25,0.0,2.0,0.0,2.0,5.0,0.4,0.0,0.0,0.0,5.0,7.0,0.714,0.0,0.0,0.0,2.0,5.0,0.4
1630249,Vít Krejčí,1610612760,OKC,22.0,Vít,24.0,35.0,0.686,9,27,0.333,3.0,7.0,0.429,5.0,11.0,0.455,4.0,10.0,0.4,23.0,76.0,0.303,0.0,1.0,0.0,9.0,21.0,0.429
201961,Wayne Ellington,1610612747,LAL,34.0,Wayne,9.0,12.0,0.75,5,7,0.714,2.0,7.0,0.286,14.0,33.0,0.424,15.0,29.0,0.517,53.0,149.0,0.356,0.0,0.0,0.0,29.0,62.0,0.468
1627782,Wayne Selden,1610612752,NYK,27.0,Wayne,0.0,0.0,0.0,0,2,0.0,0.0,0.0,0.0,0.0,1.0,0.0,0.0,0.0,0.0,1.0,1.0,1.0,,,,0.0,1.0,0.0
1628976,Wendell Carter Jr.,1610612753,ORL,23.0,Wendell,192.0,257.0,0.747,59,136,0.434,38.0,77.0,0.494,6.0,15.0,0.4,2.0,8.0,0.25,62.0,190.0,0.326,0.0,1.0,0.0,8.0,23.0,0.348
1629117,Wenyen Gabriel,1610612747,LAL,25.0,Wenyen,41.0,63.0,0.651,5,17,0.294,0.0,2.0,0.0,1.0,6.0,0.167,3.0,10.0,0.3,4.0,12.0,0.333,0.0,0.0,0.0,4.0,16.0,0.25
1628411,Wes Iwundu,1610612737,ATL,27.0,Wes,2.0,7.0,0.286,0,0,0.0,3.0,6.0,0.5,1.0,1.0,1.0,0.0,2.0,0.0,2.0,2.0,1.0,0.0,0.0,0.0,1.0,3.0,0.333
202083,Wesley Matthews,1610612749,MIL,35.0,Wesley,27.0,41.0,0.659,7,19,0.368,0.0,3.0,0.0,15.0,37.0,0.405,8.0,27.0,0.296,30.0,93.0,0.323,0.0,0.0,0.0,23.0,64.0,0.359
203115,Will Barton,1610612743,DEN,31.0,Will,139.0,216.0,0.644,57,141,0.404,39.0,109.0,0.358,22.0,52.0,0.423,21.0,45.0,0.467,114.0,332.0,0.343,0.0,1.0,0.0,43.0,97.0,0.443
1626161,Willie Cauley-Stein,1610612755,PHI,28.0,Willie,13.0,23.0,0.565,2,8,0.25,0.0,2.0,0.0,0.0,0.0,0.0,0.0,0.0,0.0,1.0,2.0,0.5,0.0,0.0,0.0,0.0,0.0,0.0
1626195,Willy Hernangomez,1610612740,NOP,28.0,Willy,128.0,219.0,0.584,36,87,0.414,2.0,9.0,0.222,0.0,1.0,0.0,0.0,0.0,0.0,4.0,10.0,0.4,0.0,1.0,0.0,0.0,1.0,0.0
1629875,Xavier Moon,1610612746,LAC,27.0,Xavier,3.0,6.0,0.5,1,5,0.2,16.0,26.0,0.615,0.0,1.0,0.0,0.0,0.0,0.0,5.0,13.0,0.385,0.0,0.0,0.0,0.0,1.0,0.0
1630270,Xavier Sneed,1610612762,UTA,24.0,Xavier,1.0,1.0,1.0,0,1,0.0,0.0,0.0,0.0,0.0,2.0,0.0,0.0,2.0,0.0,1.0,4.0,0.25,0.0,0.0,0.0,0.0,4.0,0.0
1630214,Xavier Tillman,1610612763,MEM,23.0,Xavier,58.0,96.0,0.604,26,55,0.473,4.0,16.0,0.25,4.0,9.0,0.444,1.0,5.0,0.2,5.0,35.0,0.143,0.0,0.0,0.0,5.0,14.0,0.357
1629139,Yuta Watanabe,1610612761,TOR,27.0,Yuta,16.0,27.0,0.593,6,20,0.3,7.0,12.0,0.583,9.0,17.0,0.529,5.0,18.0,0.278,13.0,44.0,0.295,0.0,0.0,0.0,14.0,35.0,0.4
1630582,Yves Pons,1610612763,MEM,23.0,Yves,1.0,4.0,0.25,1,3,0.333,0.0,0.0,0.0,1.0,1.0,1.0,2.0,4.0,0.5,0.0,4.0,0.0,0.0,0.0,0.0,3.0,5.0,0.6
1628380,Zach Collins,1610612759,SAS,24.0,Zach,40.0,60.0,0.667,12,34,0.353,10.0,20.0,0.5,2.0,2.0,1.0,0.0,1.0,0.0,12.0,38.0,0.316,0.0,0.0,0.0,2.0,3.0,0.667
203897,Zach LaVine,1610612741,CHI,27.0,Zach,240.0,349.0,0.688,39,115,0.339,101.0,247.0,0.409,17.0,37.0,0.459,21.0,36.0,0.583,147.0,402.0,0.366,0.0,0.0,0.0,38.0,73.0,0.521
1630285,Zavier Simpson,1610612760,OKC,25.0,Zavier,9.0,17.0,0.529,9,22,0.409,0.0,5.0,0.0,0.0,0.0,0.0,0.0,0.0,0.0,1.0,8.0,0.125,0.0,0.0,0.0,0.0,0.0,0.0
1630192,Zeke Nnaji,1610612743,DEN,21.0,Zeke,51.0,76.0,0.671,4,18,0.222,4.0,12.0,0.333,8.0,17.0,0.471,9.0,17.0,0.529,20.0,46.0,0.435,0.0,0.0,0.0,17.0,34.0,0.5
1630533,Ziaire Williams,1610612763,MEM,20.0,Ziaire,70.0,84.0,0.833,21,51,0.412,24.0,49.0,0.49,20.0,73.0,0.274,21.0,47.0,0.447,35.0,118.0,0.297,0.0,2.0,0.0,41.0,120.0,0.342
1629597,Zylan Cheatham,1610612762,UTA,26.0,Zylan,0.0,1.0,0.0,0,0,0.0,0.0,0.0,0.0,0.0,1.0,0.0,0.0,0.0,0.0,0.0,1.0,0.0,,,,0.0,1.0,0.0
