,Player,TEAM,AGE,GP,W,L,MIN,"PTS
OFF TO","2nd
PTS",FBPs,PITP,"Opp PTS
OFF TO","Opp
2nd PTS","Opp
FBPs","Opp
PITP",BLK,BLKA,PF,PFD
1,Tyrese Maxey,PHI,24,52,20,32,37.7,5.4,1.8,4.7,10.5,12.4,11.3,12.4,39.7,0.4,1.2,2.2,4.3
2,Shai Gilgeous-Alexander,OKC,26,76,63,13,34.2,5.2,3.1,3.8,13.8,8.6,10.9,8.6,30.2,1,1,2.2,6.1
3,Luka Dončić,LAL,26,50,31,19,35.4,5.1,2.6,3.1,8.9,12.1,9.6,12.1,34,0.4,0.6,2.5,5.9
4,Paolo Banchero,ORL,22,46,21,25,34.4,4.5,2.9,3.8,10.2,12.2,8.9,10.5,33.1,0.6,1.1,2.1,5.8
5,Giannis Antetokounmpo,MIL,30,67,40,27,34.2,4.5,3.5,4.9,19.5,11,9.1,10.8,32.5,1.2,1.1,2.3,7.6
6,Franz Wagner,ORL,23,60,33,27,33.7,4.3,2.1,3.7,13,10.6,8.3,9.5,30.8,0.4,1.3,2.5,4.2
7,Jalen Williams,OKC,24,69,55,14,32.4,4.2,1.9,3.4,10,8.8,10.2,8.6,29.5,0.7,0.9,2.3,3.6
8,Anthony Edwards,MIN,23,79,48,31,36.3,4.1,2.2,3.5,8.2,13.2,9.8,11,36,0.6,0.7,1.9,4.3
9,Stephen Curry,GSW,37,70,41,29,32.2,4,3,2.1,5.4,11.2,8.4,10.9,31.6,0.4,0.7,1.4,3.5
10,Trey Murphy III,NOP,25,53,14,39,35,3.9,2.2,4.2,7.8,13.8,11.7,13.8,38.5,0.7,0.5,2.1,3.5
11,Tyler Herro,MIA,25,77,37,40,35.4,3.9,2.1,3.8,8.9,12.2,9.6,10.8,36.2,0.2,1,1.1,2.9
12,Trae Young,ATL,26,76,36,40,36,3.8,2.1,2.7,7.3,14.1,10.7,12.7,39.1,0.2,0.9,1.9,5.7
13,Norman Powell,LAC,32,60,39,21,32.6,3.8,1.8,4.2,8.3,11.7,7.9,10.1,31,0.2,0.9,1.9,3.5
14,OG Anunoby,NYK,27,74,45,29,36.6,3.7,1.9,3.4,7.9,11.1,9.6,11.3,36.6,0.9,1.2,2.3,2.4
15,Zion Williamson,NOP,24,30,10,20,28.6,3.7,3.6,3.1,18.9,9.5,9.5,9.3,30.2,0.9,2,2.7,5.7
16,Cade Cunningham,DET,23,70,38,32,35,3.7,1.6,2.8,12.8,12.8,10,10.6,33.3,0.8,1.4,2.8,4
17,Ja Morant,MEM,25,50,30,20,30.4,3.7,1.6,4,11.4,12.4,8.7,10.1,30.3,0.2,1,2.3,5
18,Victor Wembanyama,SAS,21,46,21,25,33.2,3.7,2.8,2.5,9.1,11.5,10.3,10.7,31.4,3.8,0.6,2.3,4.9
19,Kawhi Leonard,LAC,34,37,26,11,31.9,3.6,1.3,3.4,8.8,9.2,7.7,8.8,29.4,0.5,0.3,1.5,3.3
20,De'Aaron Fox,SAS,27,62,27,35,36.1,3.6,1.8,3.2,11,11.7,11,9.3,35.9,0.4,0.9,2.6,4.2
21,Jayson Tatum,BOS,27,72,53,19,36.4,3.6,2,2.7,9.1,10.1,9.7,10.8,36,0.5,0.8,2.2,4.3
22,James Harden,LAC,35,79,50,29,35.3,3.6,1.5,1.9,6.3,12.9,8.9,11,34.1,0.7,0.8,2.1,4.7
23,Jimmy Butler III,GSW,35,55,36,19,31.7,3.6,2.1,2.6,8.7,10.1,8.2,10.1,31.2,0.3,0.9,0.9,5.1
24,Jalen Brunson,NYK,28,65,40,25,35.4,3.5,1.7,2.4,10.2,11.4,9.4,11.4,37,0.1,0.8,2.1,6.3
25,Anthony Davis,DAL,32,51,30,21,33.4,3.5,3.3,2,14,11.3,10.1,11.2,35.1,2.2,0.8,1.9,5.4
26,Cam Thomas,BKN,23,25,8,17,31.2,3.5,1.5,1.7,7.1,10.7,10.8,10.7,35.2,0.1,1.1,1.8,4.6
27,LeBron James,LAL,40,70,44,26,34.9,3.4,2.1,4.7,11.6,12.5,10.5,12.1,36,0.6,0.7,1.4,3.8
28,Nikola Jokić,DEN,30,70,46,24,36.7,3.4,4.1,2.3,16.8,12.6,10.7,11.8,39.1,0.6,0.9,2.3,5.9
29,Zach LaVine,SAC,30,74,32,42,35.2,3.4,1.8,4.5,8.1,12.6,10.4,11.8,39.3,0.2,0.6,1.6,3.1
30,Jalen Johnson,ATL,23,36,18,18,35.7,3.4,2.7,3.7,11.8,15.9,10.3,13.2,35.6,1,1.1,1.9,2.8
31,Jalen Green,HOU,23,82,52,30,32.9,3.4,1.6,3.2,7.2,11.4,9.4,9.9,34.9,0.3,1.3,1.5,3
32,Karl-Anthony Towns,NYK,29,72,46,26,35,3.3,4.3,1.3,12.8,10.3,9,10.1,36.3,0.7,1.2,3.5,4.8
33,Scottie Barnes,TOR,23,65,26,39,32.8,3.3,1.9,2.8,9.8,11.6,9.3,10.2,32.4,1,0.6,1.7,3.8
34,Kyrie Irving,DAL,33,50,28,22,36.1,3.3,2.6,3,9.3,13,12.1,10.2,38.5,0.5,0.8,2,3.3
35,Joel Embiid,PHI,31,19,8,11,30.2,3.3,2.4,0.6,8.9,10.2,7.7,10.3,27.6,0.9,0.7,2.2,6.2
36,Donovan Mitchell,CLE,28,71,55,16,31.4,3.3,2,3.8,7.5,9.6,8.8,9,29.6,0.2,0.7,2,3.9
37,Darius Garland,CLE,25,75,60,15,30.7,3.3,1.7,2.7,7.1,10.6,9,10.8,31.3,0.1,0.6,1.9,3
38,Kevin Durant,PHX,36,62,33,29,36.5,3.3,2.1,2.7,9,14.3,10.6,13,36.8,1.2,0.5,1.7,5.3
39,Cameron Johnson,BKN,29,57,21,36,31.6,3.2,1.6,3,5.7,12.3,8.5,11.4,32.9,0.4,0.6,1.8,3
40,Jalen Suggs,ORL,24,35,20,15,28.6,3.2,1.2,2.4,5.6,11.2,6.3,7.7,27.4,0.9,0.5,2.8,3.7
41,Coby White,CHI,25,74,35,39,33.1,3.2,1.6,4.5,6.9,12.6,9.5,10,37.4,0.2,1,2.1,3.6
42,Immanuel Quickley,TOR,26,33,12,21,27.8,3.2,1.9,3.2,5,9,8.1,8.7,28.2,0.1,0.8,1.8,2.9
43,Pascal Siakam,IND,31,78,47,31,32.7,3.1,2.1,2.8,10.5,9.6,9.4,7.6,33.1,0.5,0.6,2.4,3.4
44,Kelly Oubre Jr.,PHI,29,60,21,39,34.6,3.1,2.1,2.6,8.9,12.2,9.9,11.7,36.2,0.5,1.1,3,2.8
45,Jordan Poole,WAS,26,68,15,53,29.4,3.1,1.3,3.3,5.8,12.2,10,11.1,33.3,0.4,1,3,4.2
46,Shaedon Sharpe,POR,22,72,32,40,31.3,3.1,1.9,4.1,7.6,12.1,9.3,11.3,32.9,0.2,0.7,1.7,2.6
47,CJ McCollum,NOP,33,56,17,39,32.7,3,1.9,3.2,7.8,12.4,11.2,11.8,36.2,0.4,0.7,2.2,2.4
48,RJ Barrett,TOR,25,58,23,35,32.2,3,2.2,4.6,11.6,12.4,9.6,10.5,33,0.3,1.4,2.4,4
49,Dyson Daniels,ATL,22,76,37,39,33.8,3,1.7,2.6,9.7,14.1,9.2,11.8,36.4,0.7,0.6,2.3,1.7
50,LaMelo Ball,CHA,23,47,16,31,32,3,2.8,2.7,8.3,11.8,8.7,10.9,31.9,0.3,0.9,3.3,4.7
51,Christian Braun,DEN,24,79,48,31,33.9,3,1.3,5.1,9.4,11.6,10.5,10.9,36.5,0.5,0.8,2.2,1.8
52,Desmond Bane,ORL,27,69,38,31,32,3,2.3,3.5,7.9,13.3,10,10.8,31.5,0.4,1.1,2.4,2
53,Paul George,PHI,35,41,15,26,32.5,3,1.4,1.3,4.1,11.3,8.7,10.1,31.5,0.5,0.5,2.5,2.7
54,Devin Booker,PHX,28,75,35,40,37.3,2.9,2,3.4,8.1,13.2,10.9,13.2,38.1,0.2,0.8,2.6,5.4
55,Mikal Bridges,NYK,28,82,51,31,37,2.9,2,3.2,7.8,11.9,9.8,11.4,38.7,0.5,0.3,1.5,1.6
56,Jamal Murray,DEN,28,67,41,26,36.1,2.9,1.5,3,7.5,12.5,11,12.2,39.6,0.5,0.7,1.9,3.1
57,Bennedict Mathurin,IND,23,72,43,29,29.9,2.9,1.7,3.8,7,10.3,8.6,7.5,31.7,0.3,0.9,2.3,3.4
57,Chet Holmgren,OKC,23,32,26,6,27.4,2.9,2.8,2.1,7.2,7.1,8.4,8.2,22.8,2.2,1.1,2.3,3
59,Tyrese Haliburton,IND,25,73,46,27,33.6,2.9,1.2,2.4,5,10.4,9.9,8.7,37.1,0.7,0.3,1.3,2.4
60,Evan Mobley,CLE,24,71,58,13,30.5,2.9,2.7,1.7,11.6,10.1,8.6,8.9,28.5,1.6,0.7,2,3.4
61,Jaylen Brown,BOS,28,63,46,17,34.3,2.8,2.2,2.6,10.7,9.7,9.1,10.5,33.7,0.3,1.1,2.4,4.6
62,De'Anthony Melton,BKN,27,6,4,2,20.2,2.8,1,2.7,3,7.3,6.7,3.8,19.3,0.3,0.2,3,1.2
63,Domantas Sabonis,SAC,29,70,36,34,34.7,2.8,4.3,1.4,12.4,11.8,9.2,9.3,33.8,0.4,0.8,3.3,4
64,Miles Bridges,CHA,27,64,16,48,31.7,2.8,2.9,2,9.7,12,8.9,11.1,32.3,0.7,1.1,1.5,2.8
65,Andrew Wiggins,MIA,30,60,27,33,30.7,2.8,2,1.9,6.9,11,7.9,9.6,29.6,0.8,1.1,1.7,2.9
66,De'Andre Hunter,CLE,27,64,38,26,27.2,2.8,1.4,2,5,10.8,8.4,8.9,28.6,0.2,0.6,2.4,3.3
67,Malik Monk,SAC,27,65,36,29,31.6,2.7,1.2,2.8,7.3,10.8,9.1,8.6,31.9,0.6,0.8,2.4,2.3
68,Caris LeVert,ATL,30,64,46,18,24.9,2.7,1.2,2.3,5.2,8.2,7.9,7.2,25.2,0.5,0.4,1.5,1.7
69,Alperen Sengun,HOU,22,76,52,24,31.5,2.7,3.7,0.8,13.3,9.9,8.8,9.3,31.7,0.8,1.1,2.8,5.3
70,Jaren Jackson Jr.,MEM,25,74,42,32,29.8,2.6,2.1,1.4,11.1,11.1,8.6,10.1,27.8,1.5,1.2,3.5,4.5
71,Malik Beasley,DET,28,82,44,38,27.8,2.6,1.7,3.1,2.7,10.1,8.5,8,26.9,0.1,0.4,1.5,1.3
72,Anfernee Simons,POR,26,70,28,42,32.7,2.6,2.1,2,5.7,12,10.2,11.6,32.1,0.1,0.9,1.7,2
73,Deni Avdija,POR,24,72,33,39,30,2.6,2.6,3,7.4,11.1,9.1,11,29.6,0.5,0.9,2.4,4.1
74,Brandon Miller,CHA,22,27,8,19,34.2,2.6,3.3,3,6,13.4,8.6,9.3,32.8,0.7,0.8,2.7,2.7
75,Dejounte Murray,NOP,28,31,9,22,32.7,2.6,1.2,3,6.6,12.9,11,12.9,38.5,0.4,0.6,2,2.6
76,Amen Thompson,HOU,22,69,43,26,32.3,2.6,2.2,2.9,9.8,10.2,9.4,8.7,32.9,1.3,0.7,2.4,2.5
77,DeMar DeRozan,SAC,35,77,38,39,35.9,2.6,1.8,0.8,6.4,11.8,9.9,10.2,35.1,0.4,0.7,1.9,4.1
78,Zaccharie Risacher,ATL,20,75,38,37,24.6,2.5,1.5,3.2,5.8,10.2,6.8,9.3,26.9,0.5,0.7,2,1.4
79,Jared McCain,PHI,21,23,7,16,25.7,2.5,1.1,2.8,5.7,9.4,7.3,8.7,25.7,0,0.5,1.6,2
80,Stephon Castle,SAS,20,81,33,48,26.7,2.5,1.3,2.8,7.3,10.2,9.3,8.6,29.4,0.3,0.8,2,3.2
81,Taze Moore,POR,27,2,0,2,9.9,2.5,2.5,0,1,5.5,3.5,5.5,9,0,0.5,0,0.5
82,Julius Randle,MIN,30,69,44,25,32.3,2.5,2.8,2.4,9.1,12.2,9,10.3,34,0.2,0.9,2.5,3.7
83,Buddy Hield,GSW,32,82,48,34,22.7,2.5,1.3,2.2,2.6,7.5,6.2,6.9,22.9,0.3,0.4,1.6,0.6
84,Tari Eason,HOU,24,57,36,21,24.9,2.4,2.8,3.1,7.1,8.6,7,7.2,25.8,0.9,0.8,2.4,1.3
85,Jaden Ivey,DET,23,30,14,16,29.9,2.4,2.3,2.9,7.5,11.1,8.9,9.1,27.7,0.4,0.9,2.2,3.2
86,Lauri Markkanen,UTA,28,47,9,38,31.4,2.4,2.6,2.6,6.1,13.8,8.9,12.1,32.1,0.4,0.8,1.7,3.4
87,Austin Reaves,LAL,27,73,46,27,34.9,2.4,1.3,2.4,6.9,12.2,10.3,12.7,36.6,0.3,0.6,2.1,4.4
88,A.J. Lawson,TOR,24,26,14,12,18.7,2.3,1.5,2.2,3.5,6.8,6.5,7,20,0.2,0.5,1.7,1.5
89,Aaron Wiggins,OKC,26,76,62,14,22.9,2.3,1.6,2.3,5.6,5.7,7.9,5.4,21.4,0.2,0.5,1.3,0.9
90,Bilal Coulibaly,WAS,20,59,13,46,33,2.3,1.3,2.9,6.2,14.4,11.2,11.9,37.4,0.7,0.8,2.4,2.4
91,Josh Hart,NYK,30,77,48,29,37.6,2.3,1.8,2.7,7.7,11.7,9.9,11.5,38.8,0.4,0.8,2.6,2.4
92,Ausar Thompson,DET,22,59,34,25,22.5,2.3,1.6,2.1,7.8,8.1,6.8,6.7,21.4,0.7,0.7,2.8,2.2
93,Jonathan Kuminga,GSW,22,47,28,19,24.3,2.3,1.7,2.2,8.5,8.3,6.7,6.5,23.4,0.4,1,1.9,3.1
94,Tobias Harris,DET,32,73,40,33,31.6,2.3,1.5,2.2,6.6,11.6,8.5,9.9,29.6,0.8,0.6,1.9,1.7
95,Deandre Ayton,POR,26,40,17,23,30.1,2.3,3.6,0.8,10.8,11.9,8.4,11.4,29.7,1,0.4,2.2,1.5
96,Jordan Hawkins,NOP,23,56,18,38,23.6,2.3,1.2,2.5,2.1,9,9.3,9.2,26.8,0.4,0.5,0.9,1.3
97,Devin Vassell,SAS,24,64,24,40,31,2.3,1.3,2.4,4.7,11.6,10.1,9.7,33.7,0.5,0.5,1.7,1.5
98,Derrick White,BOS,30,76,58,18,33.9,2.3,1.6,1.7,3.6,9.3,9.3,10.2,33.1,1.1,0.3,1.8,2.2
98,Keegan Murray,SAC,24,76,36,40,34.3,2.3,1.5,2.4,4.9,11.5,9.6,8.9,33.2,0.9,0.4,2.4,1
100,Ochai Agbaji,TOR,25,64,19,45,27.2,2.3,1.3,2.5,5,11,8.3,9.1,27.7,0.5,0.6,2,0.8
101,Tre Mann,CHA,24,13,6,7,24.6,2.2,3.3,0.2,6,10.2,7.5,7.6,24.9,0.3,1,1.8,1.6
102,Bradley Beal,PHX,32,53,22,31,32.1,2.2,1.4,1.7,7.1,12.3,8.5,12.5,31.6,0.5,0.4,2.6,2.2
103,Jaden McDaniels,MIN,24,82,49,33,31.9,2.2,1.8,1.6,6.4,11.3,8.7,9.9,31.2,0.9,0.5,2.7,1.7
104,Kyle Kuzma,MIL,29,65,25,40,29.8,2.2,1.2,2.8,7.6,11.6,8.7,11.2,31.2,0.3,0.6,1.8,2.4
105,Ivica Zubac,LAC,28,80,50,30,32.8,2.2,3.7,0.4,14.5,12.1,8,10.2,30.9,1.1,0.7,2.1,3
106,Fred VanVleet,HOU,31,60,41,19,35.2,2.2,1.3,2.2,2.7,10,9.7,8.6,35.2,0.4,0.4,2.3,1.9
107,Michael Porter Jr.,DEN,27,77,47,30,33.7,2.2,3,3.2,7.3,12.5,10.2,12.3,37.4,0.5,0.6,2,1.8
108,Bam Adebayo,MIA,27,78,36,42,34.3,2.2,2.3,1.3,9.7,11,8.5,9.9,33.3,0.7,0.6,2.1,4
108,Gradey Dick,TOR,21,54,15,39,29.4,2.2,1.7,2.6,4.2,11.4,9.1,10.3,31.6,0.2,0.7,2.2,2.4
110,Bobby Portis Jr.,MIL,30,49,30,19,25.4,2.2,2.3,1.1,5.8,8.8,7.4,7,24.7,0.5,0.6,1.9,1.5
111,Naz Reid,MIN,25,80,47,33,27.5,2.2,2.1,1.3,6,9.6,7.5,7.1,27.1,0.9,0.5,2.4,1.5
112,Quentin Grimes,PHI,25,75,29,46,26.8,2.1,1.5,2.5,4.9,9.9,9,8.9,28.6,0.3,0.4,1.8,2.3
113,Payton Pritchard,BOS,27,80,59,21,28.4,2.1,2,1.7,3.3,7.3,7.8,7.1,26.5,0.2,0.5,1.5,1.1
114,Jeremy Sochan,SAS,22,54,21,33,25.3,2.1,1.9,1.7,8.1,10.5,8.6,8.2,26.9,0.5,0.9,2.4,1.9
115,Derrick Jones Jr.,LAC,28,77,48,29,24.3,2.1,1.4,2.4,5.9,8.7,6,8.1,23.8,0.4,0.3,2,1.3
116,Amir Coffey,LAC,28,72,41,31,24.3,2.1,1.2,2.8,3,9.5,6.7,8,24.3,0.1,0.4,1.7,1.3
117,Jared Rhoden,TOR,25,14,8,6,16.2,2.1,1.6,2.3,4.3,5.2,5.5,5.6,18.3,0.1,0.4,1.4,1.1
117,Ty Jerome,CLE,27,70,55,15,19.9,2.1,1.6,1.4,4.9,6.8,6.3,5.5,19.5,0,0.4,1.5,1.8
119,Brandon Ingram,TOR,27,18,5,13,33.1,2.1,3.7,2.2,7.3,13.6,10.8,15,36.3,0.6,1.2,2.5,3.7
120,Cason Wallace,OKC,21,68,55,13,27.6,2,1.2,1.3,4.4,7.1,8.7,7.6,24.9,0.5,0.5,2.1,0.6
121,Dillon Brooks,HOU,29,75,49,26,31.8,2,1.9,2.5,3.9,9.7,9.2,8.8,32.7,0.2,0.5,3.2,1.5
122,Alondes Williams,LAC,26,1,0,1,3.7,2,0,0,2,2,4,2,4,0,0,0,0
122,Brandon Boston Jr.,NOP,23,42,8,34,23.6,2,1.1,2,3.9,9.3,7.2,9,26.3,0.2,0.6,1.7,1.6
122,Collin Sexton,UTA,26,63,14,49,27.9,2,1.7,2.5,8.6,12.9,8.6,12.2,30.3,0.1,1.2,2.3,3.5
122,James Wiseman,IND,24,1,1,0,4.6,2,0,2,4,0,2,2,6,0,0,0,1
122,Jarrett Allen,CLE,27,82,64,18,28,2,2.4,1,10.8,9.6,7.9,10.1,28.6,0.9,0.6,1.5,3.1
122,John Collins,UTA,27,40,12,28,30.5,2,3.2,1.8,10.1,14.2,8.7,11.1,30.2,1,1.4,2.9,3.9
122,Keion Brooks Jr.,NOP,24,14,2,12,23.7,2,1.9,1.9,4.4,9.8,8.1,8.7,24.4,0.7,0.4,2.1,1.4
122,Keldon Johnson,SAS,25,77,31,46,23.9,2,1.8,2.4,7.4,8.6,8.6,7.1,25.3,0.3,0.5,1.5,1.8
122,Mark Williams,CHA,23,44,9,35,26.6,2,3.1,1.7,12,10.5,7.9,10.8,28.5,1.2,0.6,2.4,2.9
122,Tolu Smith,DET,24,1,0,1,22.4,2,8,0,12,11,4,2,16,0,2,3,4
132,Kristaps Porziņģis,BOS,29,42,30,12,28.8,2,2.1,1.3,7.3,8.4,7.7,9.5,26,1.5,0.5,2.8,5.1
133,Myles Turner,IND,29,72,44,28,30.2,2,1.5,0.6,5.4,9.7,8.7,7.1,31.6,2,0.5,2.5,2.8
134,Scoot Henderson,POR,21,66,30,36,26.7,2,1.1,1.5,4.8,11.4,8.6,9.1,26.8,0.2,0.7,2.7,2.8
135,Santi Aldama,MEM,24,65,38,27,25.5,2,1.8,1.7,5.5,10.4,8,9.5,26.5,0.4,0.3,1.2,1.3
136,Brandin Podziemski,GSW,22,64,38,26,26.8,2,1.5,1.7,4.1,8.1,6.8,6.9,24.5,0.2,0.4,1.5,1.9
137,Klay Thompson,DAL,35,72,33,39,27.3,2,1.5,1.9,2.1,9.6,9,9.1,30.5,0.4,0.3,1.1,0.7
138,Naji Marshall,DAL,27,69,32,37,27.8,2,1.7,2.2,8.1,10.3,9.3,8.6,31.9,0.2,0.5,1.6,1.7
139,Damian Lillard,MIL,34,58,32,26,36.1,1.9,1.4,2.1,5.8,12.3,9.8,12.2,36.2,0.2,0.7,1.7,5.2
140,Russell Westbrook,DEN,36,75,43,32,27.9,1.9,1.5,2.2,6.8,11,8.9,10.4,30.1,0.5,0.7,2.5,2.3
141,Josh Giddey,CHI,22,70,33,37,30.2,1.9,1.6,2.9,7.1,11.4,9,9.7,35.3,0.6,0.9,1.7,2.6
142,Jerami Grant,POR,31,47,22,25,32.4,1.9,1.4,1.9,3.7,13,10.1,11.6,31.1,1,0.9,2.3,2.6
143,Donte DiVincenzo,MIN,28,62,37,25,25.9,1.9,0.9,1.3,2.4,10,7.8,7.3,26.1,0.3,0.4,1.8,1.4
144,Toumani Camara,POR,25,78,33,45,32.7,1.9,1.8,1.8,4.9,13.6,10,12.2,32.4,0.6,0.4,2.9,2.8
145,Bogdan Bogdanović,LAC,32,54,33,21,25,1.9,1.2,1.4,3,8.5,6,8.2,23.4,0.2,0.2,2.4,1.4
146,P.J. Washington,DAL,26,57,31,26,32.2,1.9,1.8,2.1,6.9,11.5,9.8,10.7,34.7,1.1,0.9,2.3,2.8
147,Onyeka Okongwu,ATL,24,74,35,39,27.9,1.9,2.7,1.1,9.1,11.4,7.5,9.6,29,0.9,0.7,2.6,2.3
148,Ziaire Williams,BKN,23,63,22,41,24.5,1.9,1.3,2.2,3.4,9.4,6.6,8.6,25.6,0.4,0.6,2.4,1.8
149,Keyonte George,UTA,21,67,13,54,31.5,1.9,1.4,1.6,4.7,14.5,10.8,13.5,35.7,0.1,1.1,1.7,3.4
150,Malcolm Brogdon,WAS,32,24,6,18,23.5,1.9,1.1,1,6.5,9.6,7.3,7.4,25.9,0.2,0.8,1.3,2.8
151,Guerschon Yabusele,PHI,29,70,23,47,27.1,1.9,1.2,1.4,5,8.9,8.4,8.2,29.2,0.3,0.4,2.3,1.9
152,Gary Trent Jr.,MIL,26,74,44,30,25.6,1.9,1,1.8,1.8,8.3,8.2,8.1,26.2,0.1,0.1,1.7,1
153,Anthony Black,ORL,21,78,39,39,24.2,1.9,0.9,1.7,4.7,8.5,5.9,7.3,22.9,0.6,0.7,2.1,2.3
153,Jalen Duren,DET,21,78,43,35,26.1,1.9,3.5,1.7,9.6,9.5,7.2,8.3,25.8,1.1,0.7,3.2,2.6
155,Nic Claxton,BKN,26,70,20,50,26.9,1.9,2.1,1.2,8.7,11.4,6.9,10.1,28.1,1.4,0.4,2.1,2.6
156,Isaiah Joe,OKC,25,74,63,11,21.7,1.8,1,1.4,1.4,5.9,7,5.4,18.8,0.1,0.3,1.5,1.4
157,Scotty Pippen Jr.,MEM,24,79,46,33,21.3,1.8,1,1.8,4.9,8.4,6.7,6.9,20.6,0.4,0.5,2.6,2.4
158,Cam Whitmore,HOU,20,51,30,21,16.2,1.8,1.5,2.6,3.9,5.9,5,5,18.2,0.3,0.6,0.9,0.9
159,D'Angelo Russell,BKN,29,58,26,32,25.5,1.8,1.3,1.5,4,9,7.2,8.6,27.7,0.4,0.2,2,2.4
160,Isaiah Wong,CHA,24,20,2,18,13.3,1.8,0.8,0.8,2.1,6.2,2.4,3.9,10.5,0,0.7,1.1,1.2
160,Keon Ellis,SAC,25,80,39,41,24.4,1.8,0.8,1.9,2,8.6,6.2,6.9,24.2,0.8,0.2,2.2,1.2
162,Kentavious Caldwell-Pope,MEM,32,77,38,39,29.6,1.8,1,1.7,1.8,10.6,7.1,8.5,28.5,0.4,0.1,1.8,1.4
163,Royce O'Neale,PHX,32,75,33,42,24.5,1.8,1,1.5,1.6,8.9,7.3,8.7,25.9,0.4,0.3,2,0.4
164,Moritz Wagner,ORL,28,30,18,12,18.8,1.8,1.4,1,7.5,7.7,4.4,5.3,17.2,0.4,0.5,1.8,3.2
165,Chris Boucher,TOR,32,50,18,32,17.2,1.8,2,1.7,4.1,6.2,5.5,5.6,17.3,0.5,0.4,1.4,1.4
166,Tim Hardaway Jr.,DET,33,77,41,36,28,1.8,1.2,2.3,2,10.4,8.2,8.7,27.1,0.1,0.2,1.2,2
167,Justin Edwards,PHI,21,44,11,33,26.2,1.8,1.3,1.8,3.9,9.6,9.8,9,30.2,0.4,0.6,2.2,0.9
167,Rudy Gobert,MIN,33,72,43,29,33.2,1.8,3.6,1,9.5,12.4,9.4,10,30.6,1.4,0.8,2.5,3.6
169,Aaron Gordon,DEN,29,51,33,18,28.4,1.7,1.9,2,6.4,10.9,8,9.3,30.6,0.3,0.7,1.6,2.7
170,Kris Dunn,LAC,31,74,45,29,24.1,1.7,0.5,1.2,3,9.1,6,7.6,22.8,0.4,0.2,2.7,0.5
171,Aaron Nesmith,IND,25,45,29,16,24.9,1.7,1.2,2.8,4.1,6.9,7.6,6.4,26.3,0.4,0.5,2.5,1.7
172,Ronald Holland II,DET,19,81,44,37,15.6,1.7,0.6,1.9,3.8,6.1,5.1,4.8,15.1,0.2,0.3,1.7,1.4
173,Jakob Poeltl,TOR,29,57,21,36,29.6,1.7,3.5,0.8,11.9,11.6,8.2,9.1,29.8,1.2,0.6,3.1,2.3
174,Luguentz Dort,OKC,26,71,57,14,29.2,1.7,1.5,1.5,2,7.8,9,8,26.9,0.5,0.3,2.9,1.5
175,Daniel Gafford,DAL,26,57,28,29,21.5,1.7,3.3,1.4,9.9,8.7,7.1,6.7,21.9,1.8,0.5,2.7,2.7
176,Brice Sensabaugh,UTA,21,71,14,57,20.2,1.7,1.3,1.3,2.6,9.1,7.3,7.8,23.5,0.1,0.4,1.6,0.8
177,Duncan Robinson,MIA,31,74,30,44,24.1,1.7,0.8,1.2,2.6,8.3,6.3,7.3,24.1,0.1,0.4,1.8,0.8
177,Jordan Clarkson,UTA,33,37,10,27,26,1.7,1.9,2,5.3,13,9.4,10.7,28.8,0.2,1,1.4,3
179,Ayo Dosunmu,CHI,25,46,17,29,30.3,1.7,1,2.8,6.8,11.6,10.2,9.8,36,0.4,0.7,2.3,1.4
179,Nikola Jović,MIA,22,46,21,25,25.1,1.7,0.8,1.9,3.8,8.7,6.7,7.9,25.5,0.3,0.3,1.8,1.7
181,Nickeil Alexander-Walker,MIN,26,82,49,33,25.3,1.7,1,1.2,2.7,8.9,7.6,6.6,25,0.4,0.3,1.7,1.7
182,Brandon Williams,DAL,25,33,15,18,14.8,1.7,0.5,1.4,4,5.4,4.5,5.8,18.6,0.2,0.6,1,1.7
182,Isaiah Hartenstein,OKC,27,57,49,8,27.9,1.7,2.3,0.4,9.5,7.2,8.1,7.5,24.7,1.1,0.5,3,1.6
182,Jabari Smith Jr.,HOU,22,57,40,17,30.1,1.7,2.5,1.8,4.3,10.2,7.4,8.8,29.6,0.7,0.5,2.2,2.1
182,Killian Hayes,BKN,23,6,1,5,27.1,1.7,1.5,0.3,3,9.3,9.2,12.5,31,0.7,0.2,2.2,2
186,Obi Toppin,IND,27,79,48,31,19.6,1.6,1,1.9,5.1,7,5.5,6.5,22.9,0.4,0.3,1.4,1.1
187,Tosan Evbuomwan,BKN,24,28,8,20,23.7,1.6,1.3,1.5,4.6,8.6,6.4,7.1,23.4,0.4,0.8,2,2.1
188,Dennis Schröder,DET,31,75,37,38,28.1,1.6,1.1,0.7,3.9,10,8.2,8.5,28.8,0.2,0.8,2.4,2.8
189,Corey Kispert,WAS,26,61,14,47,26.3,1.6,1.2,1.8,4.4,11.2,8.6,9.4,27,0.2,0.6,1.6,1
190,Moses Moody,GSW,23,74,45,29,22.3,1.6,1.3,1.6,3.1,7.3,5.4,6.8,20.2,0.4,0.5,1.6,1.4
191,Andrew Nembhard,IND,25,65,44,21,28.9,1.6,0.5,1.5,4.3,8.9,8.2,7.4,30.8,0.2,0.5,2.3,2
192,Alex Sarr,WAS,20,67,13,54,27.1,1.6,2.2,1.3,5.8,10.6,9.7,10.1,30.4,1.5,0.6,2.2,1.8
193,Grayson Allen,PHX,29,64,29,35,24.1,1.6,1.1,1.3,2.1,9.2,6.9,9.1,24.9,0.3,0.3,1.5,1.7
193,Miles McBride,NYK,24,64,39,25,24.9,1.6,1,1.5,2,7.9,6.4,7.2,24.7,0.3,0.5,1.7,1.1
195,Nikola Vučević,CHI,34,73,34,39,31.2,1.6,2.5,0.5,10.2,12,9.4,10.3,37.2,0.7,0.5,2.2,2.2
196,Rui Hachimura,LAL,27,59,37,22,31.7,1.6,1.5,2.1,5.8,10.4,9,10.3,32,0.4,0.7,1.8,1.4
197,Caleb Martin,DAL,29,45,17,28,27.1,1.6,1,1.4,3.1,10.1,7.6,8.2,27.9,0.5,0.3,1.9,1.8
197,Herbert Jones,NOP,26,20,5,15,32.4,1.6,1,1.7,4.6,12.7,9.9,10.5,34.5,0.5,0.5,3.3,2
199,Terry Rozier,MIA,31,64,27,37,25.9,1.6,1.1,1.8,4,8.7,6.7,8.8,25.4,0.2,0.6,1.1,1.5
200,Trendon Watford,BKN,24,44,16,28,20.7,1.6,0.6,1.1,6,8.9,6.3,6.8,20.6,0.3,0.8,2.2,2.4
201,Luke Kennard,MEM,29,65,37,28,22.6,1.6,1.2,1.3,2.1,9.9,7.6,8.7,23.5,0.1,0.2,0.9,0.7
202,Justin Champagnie,WAS,24,62,16,46,21.6,1.6,1.7,1.4,4.2,8.6,7.6,7.8,23,0.6,0.4,1.8,0.9
203,Tyus Jones,PHX,29,81,36,45,26.8,1.6,0.8,1.2,2.9,9.8,8.1,9.9,28.4,0.1,0.3,0.8,0.9
204,Tyson Etienne,BKN,25,7,1,6,21.6,1.6,0.1,2.1,0.9,8.6,5.4,9.4,24.3,0.1,0.3,2.4,1.1
205,Harrison Barnes,SAS,33,82,34,48,27.2,1.6,1.5,1.3,4.4,9.2,8.5,9.4,28.9,0.2,0.3,0.9,1.8
206,Keon Johnson,BKN,23,79,25,54,24.4,1.6,0.9,1.5,4,10,6.6,7.9,25.5,0.4,0.9,2.6,1.5
207,Drew Timme,BKN,24,9,3,6,28.2,1.6,1.3,1.7,7.8,10.8,6.2,9.1,31.8,0.1,0.2,2.3,2.4
208,Dalton Knecht,LAL,24,78,47,31,19.2,1.6,1,1.7,2.9,6.9,6.5,6.5,19.5,0.1,0.3,1.2,0.7
208,Max Christie,DAL,22,78,40,38,27.3,1.6,0.7,1.4,3,8.9,8.8,8.7,31.3,0.4,0.5,1.5,1.4
210,Noah Clowney,BKN,20,46,11,35,22.7,1.5,1.4,1,2,8.9,7,7.1,21.7,0.5,0.6,2.3,1.8
211,Julian Champagnie,SAS,24,82,34,48,23.6,1.5,1.1,1.5,2.2,8.3,7.9,8.2,24,0.4,0.4,1.4,0.7
212,Dalano Banton,POR,25,67,28,39,16.7,1.5,0.7,1.2,3.5,6.7,5.5,6.1,17.8,0.5,0.5,0.9,1.4
213,Alex Caruso,OKC,31,54,44,10,19.3,1.5,0.7,1.3,2.9,5.3,6.1,4.6,15.5,0.6,0.3,1.9,1.1
214,Cole Anthony,MEM,25,67,35,32,18.4,1.5,0.8,1.2,3.7,6.3,4.3,4.7,16.3,0.5,0.2,2.3,1.6
215,Kevin Porter Jr.,MIL,25,75,43,32,19.8,1.5,0.7,1.4,4.5,6.9,6.1,5.7,18.2,0.2,0.6,1.6,1.9
216,Quincy Olivari,LAL,24,2,1,1,5.2,1.5,0,0,0,2.5,1,3,8,0,0,0,0.5
217,Spencer Dinwiddie,DAL,32,79,37,42,27,1.5,0.8,1.3,3.7,9.4,8.7,9.3,30.4,0.2,0.3,1.5,2.5
218,Tristan da Silva,ORL,24,74,35,39,22,1.5,1,1.3,3,8.5,5.5,6.3,21.8,0.2,0.3,1.3,0.8
219,Brandon Clarke,MEM,28,64,40,24,18.9,1.5,2.1,1.2,7.1,7.6,6,6,18.3,0.6,0.3,2.3,1.2
220,Gary Payton II,GSW,32,62,36,26,15,1.5,0.9,1,4.5,5.3,4.4,4.2,14.7,0.3,0.3,1.7,0.6
221,Jose Alvarado,NOP,27,56,19,37,24.4,1.5,0.7,1.3,3,9.2,8.5,8.8,25,0.3,0.4,1.6,1.3
222,Peyton Watson,DEN,22,68,40,28,24.3,1.5,0.8,2.4,4.5,9.2,7.6,8.8,25.3,1.4,0.5,1.8,1.4
223,AJ Johnson,WAS,20,29,8,21,22,1.4,0.2,2.1,3.9,8.3,8.2,8.3,23.8,0.1,0.6,1.7,0.9
224,Jaylen Wells,MEM,21,79,47,32,25.9,1.4,1.5,1.4,3.1,10.4,7.5,9,25.6,0.1,0.4,1.8,1.9
225,Goga Bitadze,ORL,25,70,38,32,20.4,1.4,2.3,0.4,5.8,7.6,5,5.8,18.6,1.4,0.3,2.1,1.7
226,Day'Ron Sharpe,BKN,23,50,14,36,18.1,1.4,2.9,1,5.8,7.1,5.6,5.3,17.3,0.8,0.5,2.3,1.5
227,Jake LaRavia,SAC,23,66,40,26,20.4,1.4,0.9,1.3,2.9,9,6.4,6.7,21.2,0.3,0.4,2,1.4
228,Matas Buzelis,CHI,20,80,39,41,18.9,1.4,0.8,1.6,3.8,7.5,6,6.1,20.3,0.9,0.4,1.6,1
229,Cody Martin,PHX,29,53,16,37,22.1,1.4,0.7,1.5,2.8,8.2,6.4,7.6,22,0.6,0.3,1.8,1.2
230,Tyrese Martin,BKN,26,60,16,44,21.9,1.4,1,1.2,2.7,9.3,5.7,7.6,22.7,0.2,0.3,1.3,0.8
231,Cameron Payne,NYK,30,72,46,26,15.1,1.4,0.4,1,2.1,4.6,3.9,3.8,15.2,0.2,0.2,1.5,0.8
232,Jaden Hardy,DAL,22,57,30,27,15.9,1.4,0.7,1.2,3.1,6.6,4.8,5,17,0.1,0.4,1.6,1.2
232,Precious Achiuwa,NYK,25,57,36,21,20.5,1.4,1.6,0.8,5.2,7.9,4.9,6.8,21.6,0.7,0.4,1.4,0.9
234,Terance Mann,ATL,28,67,37,30,21.1,1.4,0.9,1.7,3.7,7.8,6.1,6.7,21.7,0.2,0.4,1.9,1
235,Jalen Wilson,BKN,24,79,25,54,25.7,1.4,1.4,1.4,3,10.3,6.7,8.3,25.8,0.1,0.5,2.1,1.5
236,Bruce Brown,NOP,28,41,15,26,22.5,1.4,0.8,1.2,4.5,8.4,7,6.8,22.4,0.2,0.5,1.7,1.2
237,Isaiah Collier,UTA,20,71,14,57,25.9,1.4,0.5,2.2,5,11.4,8.2,9.7,27.9,0.2,0.8,2.1,1.9
238,Jrue Holiday,BOS,35,62,47,15,30.6,1.4,1,1.3,4.1,8.6,8.3,9.2,29.7,0.4,0.4,1.6,1.2
239,Jared Butler,PHI,24,60,6,54,17.4,1.4,0.9,1.7,4.2,6.1,6.1,5.9,17.3,0.2,0.6,1.6,1.2
239,Matisse Thybulle,POR,28,15,8,7,20.8,1.4,1.2,1.1,2.8,8.3,5.3,7.5,22.4,0.6,0.2,0.9,0.9
241,Davion Mitchell,MIA,26,74,25,49,27.4,1.4,0.5,1.5,3.6,9.4,7.6,8,27.4,0.2,0.3,2.5,1.8
242,Lonnie Walker IV,PHI,26,20,3,17,23.8,1.4,1.6,1.3,3.6,10.1,8.4,9.9,26.1,0.3,0.4,1.4,1
243,Kenrich Williams,OKC,30,69,58,11,16.4,1.3,0.7,1,2.8,4.4,4.9,4,14.2,0.1,0.3,1.6,0.8
244,Dereck Lively II,DAL,21,36,21,15,23.1,1.3,2.2,0.8,7.4,8.1,7.5,6.7,24,1.6,0.6,2.8,1.4
244,Jonathan Mogbo,TOR,23,63,18,45,20.4,1.3,1,0.9,4.2,8.2,6.8,7.4,22.7,0.5,0.5,2.2,1.1
246,Georges Niang,ATL,32,79,55,24,21.5,1.3,0.8,0.9,2.9,6.6,6.7,6.3,21,0.2,0.3,2.5,0.7
247,Julian Strawther,DEN,23,65,41,24,21.3,1.3,0.6,1.4,3.3,8,6.8,7.4,21.4,0.2,0.3,2.3,1.5
248,Marcus Bagley,PHI,23,10,1,9,25.3,1.3,2,0.8,4.4,8.7,9.5,10.2,28.8,1.2,0.5,1.6,1
249,Kelly Olynyk,NOP,34,44,12,32,20.3,1.3,1.6,0.8,4.2,7.8,6.9,7.1,20.1,0.4,0.3,2.8,2.2
250,Javonte Green,CLE,31,68,24,44,18.5,1.3,0.9,1,2.3,6.7,5.9,8,20.5,0.5,0.2,1.4,1.1
251,Brook Lopez,MIL,37,80,47,33,31.8,1.3,1.7,0.1,5.7,10.5,8.7,10.8,31.3,1.9,0.3,2.1,1.7
252,Haywood Highsmith,MIA,28,74,35,39,24.6,1.3,1,0.9,2.3,8.4,6.7,7.7,24.4,0.5,0.2,2.2,0.6
253,Bub Carrington,WAS,19,82,18,64,30,1.3,0.6,1.5,2.3,12.3,9.9,11.2,33.2,0.3,0.3,2.3,1.4
254,Draymond Green,GSW,35,68,42,26,29.2,1.3,0.8,0.9,3.7,9.9,7.6,8.5,26.7,1,0.3,3.2,2.6
255,Ja'Kobe Walter,TOR,20,52,19,33,21.2,1.3,1.1,1.2,3.1,7.6,6.5,6.8,23.5,0.2,0.8,1.8,1.4
256,Quinten Post,GSW,25,42,26,16,16.3,1.2,1,0.6,2.1,5.3,3.8,5.8,14.4,0.4,0.4,2,0.6
257,Sam Hauser,BOS,27,71,52,19,21.7,1.2,1.4,1.3,0.9,5.1,5.9,5,21.2,0.2,0.1,1.2,0.4
257,Sam Merrill,CLE,29,71,54,17,19.7,1.2,0.7,1,0.9,6,5.7,4.8,17.7,0.2,0.2,1.7,0.8
259,Josh Green,CHA,24,68,17,51,27.8,1.2,1.1,1.4,2.1,11,7.6,9,27.9,0.2,0.4,2.4,1.3
260,Jamison Battle,TOR,24,59,21,38,17.7,1.2,0.8,1.1,1.2,7.3,5.3,7.2,19,0.2,0.2,1.6,0.4
261,Ryan Dunn,PHX,22,74,32,42,19.1,1.2,1.1,0.9,3.2,6.4,5.7,5.8,18.2,0.5,0.3,2.2,0.4
262,Dante Exum,DAL,29,20,7,13,18.6,1.2,0.4,1.1,3.8,5.7,5.6,6,23.8,0.2,0.7,1.7,1.6
262,Nick Smith Jr.,CHA,21,60,14,46,22.8,1.2,1.2,1.1,2.9,9,6.4,8.7,24.1,0.1,0.4,1.3,0.7
264,Kevin Huerter,CHI,26,69,39,30,24.3,1.2,1.2,1.6,3.3,9.3,7.4,6.1,25.3,0.3,0.2,1.8,0.6
265,Mitchell Robinson,NYK,27,17,10,7,17.1,1.2,2.8,0.2,4.4,6.8,5.9,5,18.6,1.1,0.1,1.5,1
266,Jeff Dowtin Jr.,PHI,28,41,10,31,15.1,1.2,0.6,0.6,3.1,4.7,5,5.1,16.7,0.3,0.3,0.7,0.9
267,Jabari Walker,POR,22,60,23,37,12.5,1.2,1.2,0.8,2.9,4.6,4,4.3,13.4,0.1,0.5,1.5,1
268,KJ Martin,UTA,24,43,11,32,21.2,1.2,0.6,1.7,4.4,9,7.4,8,22.9,0.5,0.5,2.3,0.8
269,Walker Kessler,UTA,23,58,14,44,30,1.2,4.1,0.9,9.4,14.2,9.7,13.2,30.9,2.4,0.7,2.2,2.2
270,Marcus Sasser,DET,24,57,30,27,14.2,1.1,0.5,1.2,2.2,5.6,4.9,4.1,13.2,0.1,0.3,1.3,0.9
271,GG Jackson,MEM,20,29,19,10,15.8,1.1,0.8,1.7,2.7,6.3,6.3,5.7,17.1,0.2,0.5,1,1.1
272,Wendell Carter Jr.,ORL,26,68,31,37,25.9,1.1,2.1,0.3,4.9,8.8,6.1,7.5,25.4,0.6,0.5,2.9,2.6
273,Ben Sheppard,IND,23,63,40,23,19.5,1.1,0.7,1.5,1.5,6.3,5.8,6.1,22,0.2,0.2,2,0.6
274,Vít Krejčí,ATL,25,57,28,29,20.2,1.1,0.8,1.2,1.8,8.1,5.6,6.5,22.1,0.5,0.1,1.8,0.7
275,Zach Edey,MEM,23,66,35,31,21.5,1.1,3,0.3,7,9.4,6,7.7,20.8,1.3,0.5,2.8,1.8
276,T.J. McConnell,IND,33,79,49,30,17.9,1.1,0.4,0.8,6.3,6.5,5,5.2,19.2,0.3,0.5,1,1.2
277,KJ Simpson,CHA,22,36,3,33,23.4,1.1,1.3,1,3.5,10.5,7.3,8.2,24.1,0.2,0.5,1.6,2.1
277,Paul Reed,DET,26,45,22,23,9.7,1.1,0.8,0.6,2.4,3.3,3,2.8,8.6,0.6,0.2,1.7,0.8
279,Ricky Council IV,PHI,23,73,16,57,17.1,1.1,0.7,1.8,3.1,5.3,5.7,6.1,18.6,0.2,0.3,0.9,1.6
280,Johnny Juzang,UTA,24,64,15,49,19.8,1.1,1,1.2,2.2,9.3,6.3,8.6,21.8,0.1,0.2,2,0.7
281,Quenton Jackson,IND,26,28,14,14,13.6,1.1,0.9,1.2,3,4.8,3.7,3.6,14,0.2,0.5,1.5,1.6
281,Ryan Rollins,MIL,22,56,30,26,14.6,1.1,0.6,0.9,2.5,5.6,4.1,3.9,13.8,0.3,0.4,1.6,0.8
283,Kyshawn George,WAS,21,68,15,53,26.5,1.1,0.6,1.6,2.4,11.1,8.8,8.8,27.4,0.7,0.5,3,1.4
284,Josh Okogie,CHA,26,40,11,29,15.6,1.1,1.5,0.9,3,5.8,4.7,4.5,15.7,0.5,0.5,1.2,1.7
284,Robert Williams III,POR,27,20,7,13,17.6,1.1,1.6,0.7,4.8,7.7,5.9,6.3,17.5,1.7,0.3,1.6,0.7
284,Taurean Prince,MIL,31,80,46,34,27.1,1.1,0.6,1.3,2,9.6,8,9.4,27.9,0.2,0.3,2.1,0.8
287,Jonathan Isaac,ORL,27,71,35,36,15.4,1.1,1.8,0.3,2.3,5.4,4.1,4.4,13.7,1.1,0.2,1.3,1.1
288,Pelle Larsson,MIA,24,55,24,31,14.2,1.1,0.3,0.7,2.1,4.7,3.6,4.2,14.4,0.1,0.2,1.7,1
289,Marcus Smart,WAS,31,34,17,17,20,1.1,0.5,0.6,2.6,7.6,6.8,6.3,19.9,0.3,0.3,1.6,2
290,Tre Jones,CHI,25,46,21,25,19.7,1.1,0.6,1.3,4.5,6.3,6.7,5.3,20.9,0.2,0.4,1.2,1.5
291,Khris Middleton,WAS,33,37,18,19,22.8,1.1,1.5,0.9,3.3,8.2,6.5,7.8,22.8,0.2,0.4,2,1.9
292,Jaylen Clark,MIN,23,40,28,12,13,1.1,0.8,0.5,1.7,4,3.7,4,13.2,0.1,0.3,1.5,0.8
293,Chris Paul,SAS,40,82,34,48,28,1.1,0.8,0.7,1.2,9.3,8.6,9.3,28.7,0.3,0.1,1.8,1
294,Dorian Finney-Smith,LAL,32,63,36,27,28.9,1.1,1.2,1.1,2,9.6,8.7,8.3,28.8,0.4,0.4,2.2,0.7
295,Grant Williams,CHA,26,16,6,10,30,1.1,1.1,1.1,2.9,10.7,8.3,7.8,28.9,0.8,0.4,2.9,2.7
296,Yves Missi,NOP,21,73,19,54,26.8,1.1,3,0.6,7.3,11.1,9,10.7,30.3,1.3,0.9,2,2.3
297,Shake Milton,LAL,28,57,29,28,14.7,1.1,0.7,0.8,2.4,5.8,4.4,4.5,14.1,0.1,0.3,1.2,1.1
298,Patrick Williams,CHI,23,63,31,32,25,1,1,0.8,3,10,7.8,7.6,29,0.5,0.6,1.4,1.1
299,Trey Lyles,SAC,29,69,34,35,19.6,1,1.2,0.9,1.9,6.8,5.5,5.4,19.1,0.3,0.2,1.2,1.1
300,Moussa Diabaté,CHA,23,71,15,56,17.5,1,1.5,0.6,4.6,7.1,4.8,5.2,16.9,0.6,0.3,1.5,1.6
301,Jamal Shead,TOR,22,75,28,47,19.6,1,0.6,1.1,3.2,7.5,6.7,6.3,20.2,0.1,0.4,2.1,1.3
301,Max Strus,CLE,29,50,39,11,25.5,1,0.9,1.3,2.1,8.7,7.4,8.5,25.4,0.2,0.2,2.1,1.1
303,Lindy Waters III,DET,27,52,27,25,15,1,0.8,0.7,0.8,5.1,4.3,3.9,13.4,0.2,0.2,1.2,0.3
304,Ajay Mitchell,OKC,23,36,31,5,16.6,1,0.9,0.9,3.4,3.6,4.4,3.3,14.2,0.1,0.3,1.9,1.5
305,Gabe Vincent,LAL,29,72,46,26,21.2,1,0.6,0.4,1.2,7.4,6.3,7.3,21.8,0.2,0.2,2.1,0.6
306,Chuma Okeke,CLE,26,9,2,7,21.9,1,1.7,0.7,2,7.8,9.3,7,25.8,0.4,0.1,0.6,0.8
306,Dariq Whitehead,BKN,20,20,6,14,12.3,1,0.5,1.4,0.6,5.1,3,4.8,13.6,0.1,0.3,1.1,0.4
306,Elijah Harkless,UTA,25,10,1,9,13.8,1,0.2,0.6,0.8,5.7,3.6,2.7,12.8,0.1,0,1.8,1.2
306,Jalen Hood-Schifino,PHI,22,15,3,12,21,1,0.4,0.9,1.7,6.5,8.3,7,23.7,0.5,0.3,1.7,1.1
306,Jaylen Sims,CHA,26,6,0,6,18.6,1,0.3,1,1.7,9.7,7,5.7,13.7,0.2,0.2,1.7,1.8
306,Kobe Bufkin,ATL,21,10,6,4,12.4,1,0.4,1,2.6,5.5,2.7,5.4,11.6,0.2,0.6,0.9,1.2
306,Landry Shamet,NYK,28,50,30,20,15.2,1,0.4,1.2,1.4,4.9,4.1,3.3,16.7,0,0.2,1,0.7
306,Maxwell Lewis,BKN,22,28,9,19,11.7,1,0.6,0.8,1.8,4.3,3,4.2,12.7,0.3,0.4,1,0.3
306,Nae'Qwan Tomlin,CLE,24,5,4,1,12.7,1,2,1,4.4,4,2.6,5.2,14,0.2,0.8,1.8,1.6
306,Olivier-Maxence Prosper,DAL,22,52,27,25,11.2,1,0.4,0.8,2.2,4.4,3.1,4.2,12.1,0.1,0.3,0.5,1
306,Orlando Robinson,TOR,24,44,23,21,17.5,1,2.1,0.3,4.3,6.4,5.5,6.3,18,0.4,0.6,2.3,1.2
306,P.J. Tucker,NYK,40,3,1,2,19.3,1,0,0,0,6.7,3.3,6,21.3,0.3,0,2.7,0.3
306,Trayce Jackson-Davis,GSW,25,62,33,29,15.6,1,1.2,1.2,5.6,5.6,4.4,5.1,15.5,0.6,0.7,1.2,1.2
306,Wendell Moore Jr.,CHA,23,36,11,25,13.9,1,0.7,1.2,2.3,5.6,4,5.5,14.3,0.1,0.3,0.9,0.5
320,Jaime Jaquez Jr.,MIA,24,66,32,34,20.7,1,0.9,1.2,5.1,7.4,5.8,6.7,20.8,0.2,0.9,1.2,1.5
321,Isaac Okoro,CLE,24,55,44,11,19.1,1,0.6,1.1,2.5,6.3,5.2,6.2,17.5,0.3,0.3,1.9,0.8
322,Bol Bol,PHX,25,36,10,26,12.5,1,0.8,0.8,2.2,5.8,3.8,4.9,13.1,0.7,0,0.6,0.5
323,Reggie Jackson,PHI,35,31,11,20,12.4,1,0.4,0.5,1.4,3.9,3.3,3.4,10.9,0.1,0.1,1.1,0.3
324,Jaxson Hayes,LAL,25,56,38,18,19.5,1,0.9,0.6,5.7,6.5,5.4,7.8,18.8,0.9,0.2,2.4,2
325,Rob Dillingham,MIN,20,49,30,19,10.5,1,0.4,0.7,2.4,3.3,3.4,2.8,11.2,0,0.2,0.8,0.6
326,Kyle Filipowski,UTA,21,72,13,59,21.1,1,1.3,1.1,4.9,9.4,6.6,8.3,24.6,0.3,0.6,2.4,1.7
327,Kevin Love,MIA,36,23,13,10,10.9,1,1.4,0.4,1.3,4.7,2.6,5,12,0.2,0.3,0.9,1
328,Antonio Reeves,NOP,24,44,6,38,15,1,1,1.3,2.5,6.5,4.3,5.7,15.8,0.1,0.3,0.9,0.5
329,Vasilije Micic,PHX,31,41,8,33,19.1,1,0.7,0.2,1.8,8,5.4,7,20.1,0,0.6,1.1,1.2
330,Seth Curry,CHA,34,68,17,51,15.6,0.9,1.1,0.5,1.1,6.5,4.6,5.9,15.4,0.1,0.1,0.9,0.8
331,Jaylen Martin,WAS,21,16,3,13,14.9,0.9,0.8,0.9,2.9,6.2,5.7,5,17,0,0.3,0.9,0.5
331,Kel'el Ware,MIA,21,64,28,36,22.2,0.9,1.8,0.7,6.6,8.1,6.3,7,23.3,1.1,0.3,1.7,0.9
333,Alex Reese,PHI,26,15,4,11,14.4,0.9,0.5,0.6,1.3,3.4,5.2,4.2,14.8,0.7,0.1,1.4,0.7
334,Kai Jones,DAL,24,40,20,20,11.7,0.9,0.7,0.8,4.2,3.9,3.7,3.9,12.5,0.6,0.1,1.3,0.7
335,Svi Mykhailiuk,UTA,28,38,6,32,20,0.9,1.1,0.9,2,7.8,6.7,8.1,21.3,0.2,0.4,1.1,0.8
336,Ousmane Dieng,OKC,22,37,30,7,10.9,0.9,0.4,0.8,1.5,3.2,3.1,3.1,9.6,0.2,0.2,0.9,0.4
337,Jarred Vanderbilt,LAL,26,36,25,11,16.1,0.9,1.2,0.6,2.8,5.9,4.8,5.8,17.4,0.3,0.5,1.9,1.1
338,Thomas Bryant,IND,27,66,44,22,14.6,0.9,1.3,0.6,3.2,4.9,4.7,4.7,16,0.6,0.3,1.2,0.9
339,Jarace Walker,IND,21,75,45,30,15.8,0.9,0.5,0.8,2.2,5.8,3.7,4.9,16.9,0.3,0.1,1.5,0.8
340,Richaun Holmes,WAS,31,31,9,22,17.2,0.9,2.4,0.4,5.8,7.8,4.6,6.3,17.6,0.7,0.3,1.6,1.7
340,Trevelin Queen,ORL,28,31,15,16,13.9,0.9,0.9,0.6,2.1,5.5,3.4,3.8,14.1,0.3,0.4,1.2,0.5
342,Pat Connaughton,MIL,32,41,19,22,14.7,0.9,0.6,0.4,2.6,5.5,4.4,3.7,14,0.3,0.2,1.1,0.8
343,Al Horford,BOS,39,60,44,16,27.6,0.9,0.9,0.7,2.6,6.8,6.7,7.7,26.7,0.9,0.1,1.4,0.6
344,Donovan Clingan,POR,21,67,29,38,19.8,0.9,2.5,0.4,4.9,7.7,6.1,7.8,19,1.6,0.3,2.8,1.5
345,Simone Fontecchio,DET,29,75,38,37,16.5,0.9,0.9,0.9,1.7,6.5,4.8,5.2,16.3,0.2,0.2,1.3,0.9
346,Clint Capela,ATL,31,55,27,28,21.4,0.9,2.2,0.8,7.9,8.5,6.7,7.6,22.2,1,0.7,1.9,1.6
347,Blake Wesley,SAS,22,58,23,35,11.8,0.9,0.2,1,2.1,4.7,3.7,3.6,11.6,0.1,0.2,0.8,1
348,Nick Richards,PHX,27,57,17,40,22,0.9,2.9,0.6,6.9,9,6.6,8.5,22.6,1,0.9,2.5,2.1
349,Andre Drummond,PHI,31,40,12,28,18.8,0.9,2.3,0.4,5.5,7.1,4.9,7.4,18.9,0.5,0.7,2.4,1.7
350,DaQuan Jeffries,CHA,27,47,9,38,22.8,0.9,0.9,0.8,2.4,9.8,6.8,7.9,23.3,0.5,0.4,2.1,0.6
351,Kris Murray,POR,24,69,31,38,15.1,0.9,0.8,0.8,2.6,6.3,4.5,5.3,15.2,0.2,0.3,1,0.6
352,Dru Smith,MIA,27,14,8,6,19.2,0.9,0.6,0.5,2.1,6.7,4.1,6.2,16,0.4,0.1,2.1,0.8
352,Karlo Matković,NOP,24,42,12,30,18.8,0.9,1.3,0.6,5.3,7.7,6.8,5.9,18.2,1,0.3,2.5,1
354,Mouhamed Gueye,ATL,22,33,15,18,16.1,0.8,1.3,0.8,3,5.5,3.1,5.5,16.5,1,0.3,1.7,0.9
355,Colin Castleton,TOR,25,26,15,11,16.6,0.8,1.5,0.3,3.4,6.3,5.3,6.2,17.3,0.4,0.5,2,1.2
356,Adem Bona,PHI,22,58,12,46,15.6,0.8,1.7,0.4,4.7,5.9,5.3,5.2,15.8,1.2,0.2,2.2,1.6
356,Talen Horton-Tucker,CHI,24,58,26,32,12.5,0.8,0.4,1.1,3.1,4.6,4.1,3.2,13,0.2,0.3,1,1.2
358,Daeqwon Plowden,ATL,26,6,3,3,11.9,0.8,1.8,0.7,2.3,3.8,2.7,3.7,10.3,0,0,1.7,0.2
358,David Duke Jr.,SAS,25,6,0,6,5.6,0.8,0,0.8,1,2.3,1.3,1,4.3,0,0,0.2,0.3
358,Gary Harris,ORL,30,48,28,20,14.8,0.8,0.3,0.3,0.5,5.4,3.9,4.7,14.3,0.3,0.1,0.9,0.1
358,Tidjane Salaün,CHA,19,60,12,48,20.7,0.8,0.7,0.8,1.7,9,5.3,6.9,20,0.2,0.5,1.4,1.3
362,Mike Conley,MIN,37,71,44,27,24.7,0.8,0.9,0.8,1.5,8.3,6.3,7.6,24.3,0.2,0.3,1.6,1.4
363,Garrison Mathews,ATL,28,47,21,26,17.7,0.8,0.3,0.9,0.6,6.6,5.1,5.6,17.1,0.3,0.1,1.7,1.4
364,Tristan Vukcevic,WAS,22,35,7,28,14.6,0.8,1.1,0.7,3.8,5.3,5.2,5.5,15.9,0.7,0.3,1.6,1.7
365,Julian Phillips,CHI,21,79,37,42,14.2,0.8,0.8,0.9,1.9,5.4,4.6,3.7,15.3,0.3,0.2,1.4,0.8
366,Neemias Queta,BOS,25,62,46,16,13.9,0.8,1.2,0.3,4.2,3.8,4.3,3.2,13.6,0.7,0.2,1.7,0.9
367,Colby Jones,WAS,23,39,12,27,13.2,0.8,0.4,0.8,1.9,4.8,4.9,4.3,13.1,0.3,0.3,0.9,0.8
368,Jeremiah Robinson-Earl,NOP,24,66,17,49,18.8,0.8,1.5,0.9,2.8,7.9,5.9,7,20.7,0.1,0.3,1.2,0.7
369,Zach Collins,CHI,27,64,34,30,15.3,0.8,0.9,0.4,3.7,5.4,4.2,4.1,14.9,0.5,0.3,2.1,1.3
370,Alec Burks,MIA,33,49,26,23,17.6,0.8,0.7,0.8,0.8,5.5,4.6,5.4,18.1,0.1,0.2,0.8,0.9
371,AJ Green,MIL,25,73,44,29,22.7,0.8,0.6,0.8,0.4,7.5,5.9,6.6,21.6,0.1,0,2.2,0.7
372,Bones Hyland,MIN,24,24,11,13,9.9,0.8,0.5,0.7,0.8,3.8,2.9,3.7,10.6,0.2,0.2,1.2,0.7
373,Collin Gillespie,PHX,26,33,12,21,14,0.8,0.6,0.3,1.5,4.9,3.4,4.3,13.7,0.2,0.3,0.9,0.8
374,Jeff Green,HOU,38,32,20,12,12.4,0.8,1,0.7,1.4,3.2,4.4,3.2,14.3,0.1,0.1,1,0.6
375,Dean Wade,CLE,28,59,47,12,21.2,0.8,0.8,0.5,1.1,6.4,5.8,7.2,21.3,0.3,0.2,1.7,0.5
376,Devin Carter,SAC,23,36,18,18,11,0.8,0.7,0.8,1.5,3.2,2.8,3.3,10.2,0.1,0.1,1.1,1.3
376,Vince Williams Jr.,MEM,24,27,10,17,18.5,0.8,1.3,0.2,2.7,8.6,5.3,7,19.5,0.3,0.3,1.7,1.3
378,Keaton Wallace,ATL,26,31,15,16,16.2,0.8,0.6,0.5,2.2,6.5,4.9,4.5,14.7,0.3,0.1,1.3,0.4
378,Marvin Bagley III,MEM,26,31,7,24,8.6,0.8,1.3,0.6,3.2,3.4,3,2.5,8.4,0.3,0.1,0.6,0.8
380,Cam Christie,LAC,19,13,10,3,4.5,0.8,0.4,0.5,0.8,2,2.2,1.9,5.2,0.1,0.1,0.3,0.2
380,Moses Brown,DAL,25,13,5,8,9.1,0.8,1.4,0.3,5.2,3.6,3.3,3.1,10.3,0.3,0.2,1.3,0.6
382,Jaylin Williams,OKC,23,47,40,7,16.7,0.8,1,0.2,1.4,5.2,4.8,3.8,13.8,0.6,0.1,1.7,0.9
382,Malaki Branham,SAS,22,47,18,29,9.1,0.8,0.6,0.8,1.9,3.5,2.4,3.4,9.9,0,0.3,0.6,0.5
384,Ben Simmons,LAC,28,51,26,25,22,0.8,0.7,0.8,4.5,8.3,6.8,6.8,20.7,0.5,0.2,2.1,1.1
384,Craig Porter Jr.,CLE,25,51,40,11,10.1,0.8,0.3,0.5,1.9,4,2.9,3.8,10.7,0.3,0.4,0.5,0.5
384,Jusuf Nurkić,CHA,30,51,18,33,20.8,0.8,1.4,0.1,5.3,8.1,5.6,8.1,19.3,0.7,0.3,2.5,2.5
387,Cam Spencer,MEM,25,25,14,11,10.1,0.8,0.6,0.9,1,3.8,3.7,3.3,11.9,0,0,0.9,0.6
387,Damion Lee,PHX,32,25,6,19,5.8,0.8,0.3,0.4,1.4,1.9,1.4,1.5,5.7,0,0.1,0.2,0.5
389,Mason Plumlee,PHX,35,74,33,41,17.6,0.8,1,0.3,3.4,6.7,4.9,6.4,17.6,0.6,0.4,2.1,1.5
390,Sandro Mamukelashvili,SAS,26,61,23,38,11.2,0.8,1.1,0.5,2.5,4.2,3.8,3.7,11.8,0.3,0.2,1,0.7
391,D.J. Carton,TOR,24,4,1,3,8.3,0.8,0,0.8,0.5,3.3,2.5,2.3,6,0,0.5,0.3,0.3
391,Jay Huff,MEM,27,64,37,27,11.7,0.8,0.6,1,2.3,5.3,3.8,4.4,12.7,0.9,0.1,1.2,0.7
391,Jaylen Nowell,WAS,25,8,1,7,21,0.8,1.3,1,4,7.5,6.5,7.9,23,0.5,0.4,1.1,1.1
391,Jett Howard,ORL,21,60,29,31,11.7,0.8,0.4,0.6,1,4.4,2.9,3.5,11.4,0.2,0.1,1.1,0.3
391,Josh Richardson,MIA,31,8,4,4,18.7,0.8,0,0.9,1,7,4.6,6.4,22.5,0.1,0.4,2.1,1.3
391,Kevon Looney,GSW,29,76,45,31,15,0.8,1.7,0.3,3.6,5.1,4,4.4,14.4,0.5,0.2,2,1.1
397,Dalen Terry,CHI,22,73,33,40,13.5,0.7,0.6,1,2.2,5.7,3.8,4.2,14.9,0.2,0.2,1.6,0.8
398,Kyle Anderson,MIA,31,61,30,31,16.4,0.7,1.2,0.4,3.5,5.6,4.5,4.8,16.3,0.5,0.3,1.3,1
399,Jonas Valanciunas,SAC,33,81,23,58,18.8,0.7,3,0.1,7.2,8.1,5.6,6.3,19.2,0.6,0.5,2.2,2.1
400,Cam Reddish,LAL,25,33,15,18,17.9,0.7,0.2,0.8,1.5,7,4.9,6.8,21.2,0.3,0.2,1.3,0.7
400,David Roddy,HOU,24,33,9,24,12.4,0.7,0.3,0.3,2.3,5.6,3.2,4,12.7,0.3,0.3,0.6,0.6
400,RayJ Dennis,IND,24,11,7,4,6.4,0.7,0.5,0,0.5,2,1.2,2.5,5.1,0.2,0.3,0.6,0.2
403,Jordan Goodwin,LAL,26,29,17,12,18.7,0.7,0.9,0.2,2.2,7.3,5.8,8,17.9,0.4,0.2,1.5,0.4
404,Oscar Tshiebwe,UTA,25,14,3,11,18.2,0.7,2.7,0.3,6,7.4,5.6,6.3,19.1,0.1,0.7,1.7,1.6
405,Luke Kornet,BOS,29,73,53,20,18.6,0.7,2.1,0.3,5,4.9,4.7,5.1,15.8,1,0.3,1.6,1.4
406,Baylor Scheierman,BOS,24,31,27,4,12.4,0.7,0.5,0.4,0.6,3.7,2.4,2.8,10.8,0.1,0.1,0.7,0.6
407,Lamar Stevens,MEM,27,17,7,10,9.1,0.7,0.5,0.5,2.1,2.6,4.4,2.4,9.4,0.2,0.5,0.9,0.5
408,Zeke Nnaji,DEN,24,57,36,21,10.7,0.7,0.6,0.7,1.8,4,4,3.6,10.3,0.7,0.2,1.1,0.7
409,JT Thor,WAS,22,20,10,10,12.5,0.7,0.8,0.4,1.5,4.3,5,4.4,11.4,0.5,0.2,0.9,0.8
409,Johnny Furphy,IND,20,50,31,19,7.6,0.7,0.1,0.6,0.8,2.8,2.1,2.5,7.2,0.2,0.2,0.8,0.5
411,Torrey Craig,BOS,34,26,16,10,12.1,0.7,0.7,0.5,1.1,3.6,2.3,3,11.7,0.5,0.1,1.3,0.4
412,Oso Ighodaro,PHX,22,61,25,36,17.1,0.7,0.6,0.3,3.5,5.9,5,5.2,17.2,0.5,0.2,1.7,0.8
413,Andre Jackson Jr.,MIL,23,67,39,28,14.6,0.7,0.6,0.6,1.8,5.2,4,4.8,14.3,0.2,0.1,1.7,0.4
414,Gui Santos,GSW,23,56,36,20,13.6,0.7,0.7,0.5,1.6,4.4,3.9,3.2,12.1,0.2,0.2,1.6,0.7
415,Damion Baugh,CHA,24,15,1,14,24.7,0.7,0.3,1.3,3.9,12.3,8,10,23.7,0.1,0.6,1.5,1.2
415,Jock Landale,HOU,29,42,26,16,11.9,0.7,1.3,0.4,3,4.1,3.6,3.7,13,0.2,0.4,1.2,0.8
415,Taylor Hendricks,UTA,21,3,0,3,24.8,0.7,1,1.7,0.7,10.3,11.3,7.7,28.7,1.3,0,2.7,0.7
418,Jalen Smith,CHI,25,64,28,36,15,0.7,1.4,0.8,3.6,5.7,5.1,4.3,16.2,0.7,0.2,1.5,1.3
419,John Konchar,MEM,29,46,26,20,12.1,0.7,0.3,0.8,0.8,5.5,3.6,4,12.3,0.3,0.1,0.7,0.4
420,Nate Williams,HOU,26,20,14,6,7.3,0.7,0.4,0.4,2,2.9,2.7,2.4,8.1,0.2,0,0.8,0.4
421,Bruno Fernando,TOR,26,17,2,15,8.6,0.6,1.1,0.1,3.1,4.1,2.1,2.4,7.2,0.5,0.4,1.6,0.6
422,Kevin Knox II,GSW,25,14,11,3,6,0.6,0.6,0.4,1.9,2.4,1.9,1.3,6.4,0.3,0.1,0.4,0.4
423,Charles Bassey,SAS,24,36,14,22,10.4,0.6,1.1,0.5,3.7,4.3,3.3,4,12.2,0.8,0.2,1.4,0.7
424,Enrique Freeman,IND,24,22,7,15,8.2,0.6,0.6,0.3,1.4,3.1,1.6,3,9.1,0.1,0.1,1,0.7
425,Aaron Holiday,HOU,28,62,39,23,12.8,0.6,0.5,0.5,1.1,4.6,3.8,3.6,12.8,0.2,0.2,1,0.8
426,Nicolas Batum,LAC,36,78,47,31,17.5,0.6,0.3,0.4,0.3,6.2,4.6,5.5,16.4,0.5,0.1,1.4,0.3
427,Patrick Baldwin Jr.,LAC,22,24,3,21,4.4,0.6,0.2,0.8,0.5,1.4,1.1,1.5,3.3,0.1,0.1,0.3,0.1
427,TyTy Washington Jr.,PHX,23,16,4,12,7.4,0.6,0.1,0.3,0.9,1.8,2.8,1.8,8.8,0,0,0.3,0.3
429,Cory Joseph,ORL,33,50,26,24,12.2,0.6,0.3,0.2,0.7,4.4,3.2,3.8,12,0.1,0.1,1,0.8
430,Eric Gordon,PHI,36,39,12,27,19.7,0.6,0.4,0.7,1.5,7.8,6.3,6.6,21.2,0.3,0.4,0.8,0.8
431,Jalen Pickett,DEN,25,49,31,18,13.6,0.6,0.3,0.7,1.2,5,3.9,3.9,12.8,0.1,0.1,0.8,0.2
432,Daniel Theis,NOP,33,38,10,28,16.3,0.6,1.2,0.2,2.6,5.2,4.7,5.8,16.1,0.5,0.2,1.8,1.2
433,Jaden Springer,UTA,22,43,22,21,8.5,0.6,0.5,0.5,1,3.6,2.6,2.8,9.3,0.1,0.1,1,0.9
434,Caleb Houstan,ORL,22,58,29,29,13.6,0.6,0.3,0.6,0.4,5.1,3.8,3.8,13.5,0.1,0.1,1.1,0.3
435,Emoni Bates,CLE,21,10,9,1,7.5,0.6,0,0.6,0.4,3.5,1.9,3.6,9.2,0.1,0,0.4,0
435,Isaiah Jackson,IND,23,5,1,4,16.8,0.6,1,0.8,5.6,5.4,5.4,6.8,16.4,1.6,0.4,2.8,1.4
437,Isaiah Stewart,DET,24,72,38,34,19.9,0.6,1.6,0.5,4.3,7.7,6.7,5.6,18.9,1.4,0.2,2.5,1.3
438,Jamal Cain,NOP,26,37,6,31,13.6,0.6,0.6,0.9,2.2,5.8,4.6,4.8,15.4,0.2,0,1.2,1
438,Jordan Miller,LAC,25,37,21,16,11.4,0.6,0.8,0.8,2.6,4.1,3,3.6,12.2,0.1,0.3,0.7,0.7
440,Terrence Shannon Jr,MIN,24,32,21,11,10.6,0.6,0.3,1.3,2.7,3.9,3,3.2,11.1,0.2,0.6,0.8,0.5
441,Johnny Davis,WAS,23,34,4,30,7.1,0.6,0.3,0.5,1.3,2.8,2.6,2.1,6,0.2,0.1,0.5,0.4
442,Larry Nance Jr.,ATL,32,24,10,14,19.3,0.6,1.2,0.4,3.6,7.3,5.3,5.7,19.9,0.5,0.3,1.5,1
443,Lonzo Ball,CHI,27,35,16,19,22.2,0.6,0.9,0.9,1.1,7.5,6.8,6.1,23.1,0.5,0.1,1.6,0.5
444,JD Davison,BOS,22,16,13,3,5.8,0.6,0.8,0.2,1,2.8,1.4,1.8,6.1,0.1,0,0.1,0.3
445,Jae Crowder,SAC,34,9,3,6,11.4,0.6,0.2,0,0.2,3.2,2.7,3,10.7,0,0.1,1.1,0.3
445,Jevon Carter,CHI,29,36,13,23,8.9,0.6,0.5,0.9,0.8,3.1,3,2.4,9.2,0.1,0.1,0.4,0.2
447,MarJon Beauchamp,NYK,24,35,19,16,4.5,0.5,0.4,0.3,0.7,2.6,1.2,1.1,3.5,0,0.1,0.4,0.3
448,Cody Williams,UTA,20,50,9,41,21.2,0.5,0.2,0.5,1.7,9.6,7.1,8.8,23.5,0.3,0.3,1.9,0.6
449,Rayan Rupert,POR,21,52,23,29,8.8,0.5,0.4,0.6,1.5,4.3,2.6,3.3,9.6,0.1,0.3,0.7,0.5
450,Kessler Edwards,DAL,24,40,17,23,15.2,0.5,0.7,0.3,2.2,5.3,5.7,4.9,18.6,0.5,0.2,1.6,0.4
451,Drew Eubanks,LAC,28,61,25,36,12.2,0.5,0.8,0.2,3.6,5.3,3.4,4.7,12.9,0.6,0.4,1,1
452,Chris Livingston,MIL,21,21,15,6,5,0.5,0.6,0.3,0.9,2.8,1.5,1.1,4.8,0,0.2,0.4,0.5
453,Duop Reath,POR,29,46,19,27,10.2,0.5,1,0.1,1.6,4.2,2.9,4,10.9,0.3,0.2,0.9,0.4
453,Tyler Smith,MIL,20,23,12,11,5.3,0.5,0.4,0.4,0.9,2.6,1.8,1,4.3,0.2,0,0.5,0.3
455,Dillon Jones,OKC,23,54,45,9,10.2,0.5,0.6,0.3,1.3,2.9,3.1,2.6,8.7,0.1,0.2,1,0.4
456,Bismack Biyombo,SAS,32,28,10,18,18.8,0.5,0.8,0.3,4.7,6.1,6.1,5.7,19.4,0.8,0.4,1.9,1
456,Cole Swider,IND,26,10,5,5,17,0.5,1.3,1.5,0.4,5.2,5.6,5.1,17.4,0.2,0.4,1.2,0.3
456,Delon Wright,NYK,33,40,22,18,15.9,0.5,0.6,0.2,1.2,5.8,4.3,4.9,16.1,0.3,0.2,0.6,0.8
456,Isaac Jones,SAC,24,40,19,21,7.6,0.5,0.6,0.5,2.6,3,1.7,2.3,7.5,0.3,0.3,0.8,0.8
456,Jackson Rowe,GSW,28,6,4,2,8.6,0.5,0.5,0.7,1.7,3.3,1.7,2,8,0,0,0.7,0.5
456,Marcus Garrett,CHA,26,4,1,3,19.8,0.5,0.5,0.5,4,9.8,5.5,6.8,17,0.5,0.8,2.5,0.8
456,N'Faly Dante,HOU,23,4,0,4,12.7,0.5,1.8,0.5,5,5.8,4.8,3.5,11.5,1.3,0,2.3,0.8
456,Reed Sheppard,HOU,21,52,30,22,12.6,0.5,0.4,0.8,1,4.7,3.9,4.5,14.3,0.3,0.3,1,0.2
464,Monte Morris,PHX,30,45,21,24,12.7,0.5,0.5,0.6,1.7,5,3.9,4.2,12.8,0.1,0.3,0.5,0.6
465,Luka Garza,MIN,26,39,28,11,5.6,0.5,0.8,0.2,2.1,2.1,1.4,1.8,5.7,0.1,0.2,0.7,0.7
466,Patty Mills,LAC,36,29,12,17,11.1,0.5,0.1,0.2,0.4,4.5,3.7,3.6,10.2,0.1,0.1,0.8,0.6
467,Markelle Fultz,SAC,27,21,9,12,8.8,0.5,0.1,0.5,1.8,3.1,1.8,2.5,8.2,0.1,0.1,0.6,0.1
468,Branden Carlson,OKC,26,32,29,3,7.7,0.5,0.8,0.1,1.3,2.2,2.9,2.3,7.3,0.7,0.1,0.7,0.4
469,Adam Flagler,OKC,25,37,34,3,5.5,0.5,0.2,0.2,0.3,1.5,1.6,1.2,4.5,0.1,0.1,0.4,0
469,Taj Gibson,CHA,40,37,10,27,11.1,0.5,0.9,0.1,2.4,4.5,3.3,4.1,10.8,0.5,0.3,1.5,0.5
471,Dominick Barlow,ATL,22,35,13,22,10.7,0.5,0.9,0.3,2.8,4.4,3,3.3,11.9,0.5,0.2,1.3,0.8
472,Spencer Jones,DEN,24,20,13,7,6.2,0.5,0.1,0.6,0.9,3.2,1.5,1.8,6.1,0.3,0,0.9,0.1
473,Armel Traore,LAL,22,9,5,4,7.4,0.4,0.2,0.6,1.3,3.1,2.6,3.3,8.9,0.2,0.1,0.7,0.6
474,Christian Koloko,LAL,25,37,23,14,9.2,0.4,0.5,0.3,2.1,3.4,2.8,3.6,8.8,0.4,0.2,1.2,0.6
475,Justin Minaya,POR,26,19,8,11,5.3,0.4,0.1,0.2,0.6,2.9,1.8,1.5,6.3,0.1,0,0.6,0.2
476,Dwight Powell,DAL,33,55,25,30,10,0.4,0.4,0.2,1.5,3.5,3.1,3.5,10.5,0.4,0.1,1.4,0.9
477,Reece Beekman,BKN,23,36,13,23,13,0.4,0.3,0.3,1.5,4.7,3.1,3.7,13.6,0.1,0.2,1,0.8
478,Josh Minott,MIN,22,46,32,14,6,0.4,0.1,0.5,1.3,2.4,1.7,1.5,5.9,0.3,0.1,0.7,0.3
479,Hunter Tyson,DEN,25,51,30,21,7.8,0.4,0.3,0.4,0.7,3.1,2,2.7,7.3,0.1,0.2,0.9,0.4
480,Jae'Sean Tate,HOU,29,52,38,14,11.3,0.4,0.9,0.3,2,3.8,3,3.2,12.5,0.1,0.3,1.6,1
481,Ariel Hukporti,NYK,23,25,17,8,8.7,0.4,0.2,0.2,1.7,4,2.6,2.6,9,0.6,0.1,1.3,0.5
481,Isaiah Crawford,SAC,23,15,7,8,3,0.4,0.1,0,0.5,1.1,0.4,0.6,2.1,0.1,0,0.1,0.1
481,Phillip Wheeler,PHI,23,5,0,5,8.9,0.4,0,0.4,1.2,0.4,1.8,0,7.2,0.4,0.2,0.2,0.2
484,Jericho Sims,MIL,26,53,34,19,11.9,0.4,0.5,0.1,1.7,4.3,3.3,3.8,11.5,0.4,0.2,1.2,0.4
485,Anthony Gill,WAS,32,51,7,44,7.8,0.4,0.4,0.4,1.3,3.3,2.9,2.8,6.8,0,0.1,0.6,0.7
486,Bryce McGowens,POR,22,13,8,5,2.5,0.4,0.1,0.3,0.6,1.4,0.5,0.5,2,0,0.1,0.2,0.4
486,Lester Quiñones,NOP,24,13,3,10,14.1,0.4,0.6,1.2,2.8,5.6,5.3,5.5,17.1,0.2,0.2,1.4,1.4
488,Bobi Klintman,DET,22,8,4,4,5.3,0.4,0,0,0.8,2.4,0.8,1,4.5,0.1,0,1,0.3
488,DeAndre Jordan,DEN,36,56,37,19,12.3,0.4,1.3,0.3,3.2,4.9,3.8,4.8,11.6,0.5,0.3,1.3,1.2
490,Kylor Kelley,LAL,27,11,3,8,11.5,0.4,0.8,0.1,2.2,5,3.8,4,13.3,0.3,0,1.4,0.5
491,Jaylon Tyson,CLE,22,47,37,10,9.6,0.4,0.6,0.5,1.7,3.7,2.7,3.6,9.5,0.1,0.2,1.1,0.5
492,Garrett Temple,TOR,39,28,11,17,8.1,0.4,0.3,0.2,0.8,3.5,2.1,3.3,7.9,0.1,0.1,0.8,0.5
492,Josh Christopher,MIA,23,14,9,5,5,0.4,0.2,0.8,1.3,1.6,1.4,1.8,4.7,0.2,0.1,0.1,0.3
494,Steven Adams,HOU,31,58,38,20,13.7,0.3,2.1,0.1,3.1,5.2,3.5,3.9,12.9,0.5,0.2,1,1.8
495,Doug McDermott,SAC,33,42,21,21,8.1,0.3,0.2,0.4,0.2,2,1.8,1.8,8,0,0.1,0.7,0.1
495,Emanuel Miller,CHI,25,6,4,2,4.1,0.3,0.3,0,1.3,0.5,1.8,0.3,3,0,0,0.5,0.2
495,Oshae Brissett,PHI,27,6,1,5,23.7,0.3,1.8,1.2,4.3,6,9.3,7.2,24,0.5,0.5,2.3,2
498,Tyler Kolek,NYK,24,41,27,14,7.2,0.3,0.3,0.3,0.5,2.4,2,1.7,8,0.1,0.1,0.6,0.5
499,Keshad Johnson,MIA,24,16,10,6,6.1,0.3,0.5,0.6,1.9,2.4,1.9,1.9,5.9,0.3,0.2,0.7,0.4
499,Mo Bamba,NOP,27,32,19,13,12.9,0.3,1.3,0,2.1,5,3,3.7,11.4,1,0.2,1.8,0.6
501,Leonard Miller,MIN,21,13,11,2,2.4,0.3,0.3,0.2,0.9,0.6,0.5,0.3,1.5,0.1,0.1,0.2,0.3
501,Pat Spencer,GSW,28,39,24,15,6.4,0.3,0.3,0.4,1.6,2.5,1.9,1.6,5.9,0.1,0.3,0.5,0.5
503,Mason Jones,SAC,26,10,4,6,4.5,0.3,0.5,0.6,1.6,1.7,0.9,1.2,2.8,0.1,0,0.3,0.3
504,Micah Potter,UTA,27,38,10,28,18.6,0.3,0.7,0.4,1.3,6.8,6.5,7.3,19.4,0.4,0.1,1.3,0.7
505,Tony Bradley,IND,27,14,11,3,8.1,0.3,1,0.9,3.9,3.8,0.9,2.9,8.1,0.6,0.3,0.8,0.7
506,Pacôme Dadiet,NYK,19,18,14,4,6.2,0.3,0.1,0.1,0.2,2.2,2.1,1.7,6.4,0.1,0.1,0.4,0.3
507,Maxi Kleber,LAL,33,34,18,16,18.7,0.3,0.5,0.1,1,6.8,5.8,5.6,18.9,0.5,0.2,1.9,0.9
508,Kyle Lowry,PHI,39,35,14,21,18.8,0.3,0.6,0.3,0.5,6.5,5.3,5.6,16.9,0.3,0.2,1.8,1.1
509,Elfrid Payton,NOP,31,24,3,21,21.3,0.3,0.5,0.3,3.1,8.3,7.3,7.5,20.8,0.5,0.4,1.5,0.5
509,Jordan Walsh,BOS,21,52,39,13,7.8,0.3,0.4,0.1,0.6,2.7,2.3,2.4,8,0.2,0.1,0.6,0.3
511,Jacob Toppin,ATL,25,17,13,4,4.4,0.2,0,0.6,0.5,2.6,1.6,1.4,4,0,0.2,0.2,0
512,Vlatko Cancar,DEN,28,13,2,11,10.4,0.2,0.5,0.2,0.9,4.4,3.2,4,9.8,0.2,0.2,0.8,0.3
513,Alex Len,LAL,32,46,21,25,8.3,0.2,0.3,0.1,1.3,2.9,2.9,2.4,7.7,0.5,0.2,1.2,0.4
514,Matt Ryan,NOP,28,19,14,5,3.6,0.2,0,0.4,0.4,2.2,0.9,1.2,4.1,0,0.1,0.1,0.1
515,Trey Alexander,DEN,22,24,14,10,4.9,0.2,0,0.1,0.4,1.8,1.6,1.3,4.4,0,0,0.4,0.2
516,Markieff Morris,LAL,35,15,7,8,11,0.2,0.5,0.1,0.9,3.1,3.3,4.5,10.5,0.2,0.1,1.1,0.3
517,Jazian Gortman,DAL,22,16,8,8,3.5,0.2,0,0,0.4,0.7,0.7,1.8,3.8,0.1,0.1,0.6,0.1
518,Chris Duarte,CHI,28,17,4,13,4.4,0.2,0.5,0.4,0.7,1.2,1.3,1.1,4.9,0,0.1,0.4,0.4
519,Trey Jemison III,LAL,25,38,17,21,10.3,0.2,0.7,0.2,2.2,4.4,3.9,3.7,10.3,0.4,0.3,1.8,0.5
520,Xavier Tillman,BOS,26,33,26,7,7,0.2,0.2,0.1,0.4,2.4,1.5,2.1,6.5,0.2,0.1,0.5,0.2
521,Bronny James,LAL,20,27,17,10,6.7,0.1,0.1,0.2,0.7,2.8,2.6,2.9,7.4,0.1,0.2,0.5,0.4
522,Alex Ducas,OKC,24,21,20,1,6,0.1,0.1,0.4,0.1,1.5,1.8,1.8,5.5,0,0,0.6,0
523,Yuki Kawamura,MEM,24,22,17,5,4.2,0.1,0.1,0.1,0.2,1.6,1.7,1.3,5.5,0,0,0.4,0.3
524,Jordan McLaughlin,SAS,29,46,17,29,6.8,0.1,0.2,0.4,0.4,2.6,2.1,1.7,6,0,0.1,0.4,0.5
525,Dario Saric,DEN,31,16,7,9,13.1,0.1,0.6,0,1.6,3.8,3.8,5,15,0.1,0.5,1.2,0.9
525,Kobe Brown,LAC,25,40,25,15,6.8,0.1,0.5,0.1,1.4,2.6,2.1,2.4,7.1,0.1,0.1,0.6,0.3
527,PJ Dozier,MIN,28,9,7,2,3.9,0.1,0,0,0,2.3,1.4,1.8,5.3,0,0,0.3,0.3
528,Joe Ingles,MIN,37,19,12,7,6,0.1,0,0.2,0.3,2.9,1.9,2.2,6.7,0,0.1,0.6,0.3
528,PJ Hall,DEN,23,19,12,7,3.5,0.1,0.4,0.1,1.2,1.6,0.7,0.3,2.3,0.2,0.1,0.6,0.2
530,Sidy Cissoko,POR,21,22,11,11,5.2,0.1,0.3,0.3,0.9,1.8,0.8,1.6,4.6,0,0.2,0.5,0.3
531,Drew Peterson,BOS,25,25,17,8,7.4,0.1,0.3,0.2,0.2,2.7,1.9,1.8,6.4,0.1,0.1,0.7,0.3
532,Liam Robbins,MIL,25,13,8,5,4.4,0.1,0,0,0.3,2.8,0.8,1.3,1.8,0.2,0.2,0.7,0.8
533,Tristan Thompson,CLE,34,40,31,9,8.2,0,0.5,0,1.6,3,2.6,2.7,8,0.3,0.2,0.9,0.6
534,Adama Sanogo,CHI,23,4,2,2,5.4,0,1,0,2,3.3,1.8,1.8,4,0,0.3,0.3,0.3
534,Anton Watson,NYK,24,9,5,4,2.5,0,0.2,0,0.7,1.6,0.9,0.4,3.8,0,0.1,0.3,0
534,Braxton Key,GSW,28,3,3,0,3.6,0,0.3,0,0,4,0,1.7,5.3,0,0.3,0,1
534,Cui Cui,BKN,22,5,2,3,2.1,0,0,0.6,0.4,1.2,0.4,0.4,2,0,0.2,0,0.2
534,Daishen Nix,MIN,23,3,3,0,4.4,0,0,0.3,0,2,0,2.7,4.7,0,0,0.3,0.3
534,Daniss Jenkins,DET,23,7,3,4,3.2,0,0,0,0.6,1.6,0,0.6,2.3,0,0,0.3,0.3
534,E.J. Liddell,CHI,24,12,6,6,4.4,0,0.2,0.2,0.8,0.7,1.6,1,4.5,0.1,0,0.9,0.1
534,Harrison Ingram,SAS,22,5,0,5,7,0,0.4,0,0.8,2.8,0.8,1.2,5.2,0,0,0.4,0
534,Isaiah Mobley,PHI,25,1,0,1,17.4,0,1,0,2,2,6,7,22,1,0,3,1
534,Isaiah Stevens,MIA,24,3,3,0,1.8,0,0,0,0,0,0,0,0,0,0,0,0
534,Jack McVeigh,HOU,29,9,5,4,4.8,0,0,0,0,1.2,1.1,1.3,3.8,0.2,0,0.3,0
534,Jahlil Okafor,IND,29,1,0,1,3.4,0,0,0,0,0,0,0,2,0,0,0,0
534,Jahmir Young,CHI,24,6,4,2,4.9,0,0.5,0.3,1,1.8,1.5,1.5,4,0,0.2,0.3,0.2
534,Jalen Bridges,PHX,24,8,1,7,3.8,0,0,0,0,0.6,0.9,0.3,3.8,0,0,0,0.4
534,Jalen McDaniels,SAC,27,4,2,2,1.8,0,0,0,0,0.5,0,1,2,0,0,0,0
534,Jamaree Bouyea,MIL,26,5,4,1,12.3,0,0.4,0.4,2,6.4,5.2,1.6,11.2,0.4,0.2,0.4,1.2
534,James Johnson,IND,38,12,5,7,3.1,0,0,0,0.7,0.8,0.8,0.8,3.5,0.2,0,0.4,0.1
534,Jesse Edwards,MIN,25,2,2,0,2.3,0,0,0,0,1,1,1,2,0,0,1,0.5
534,Kevin McCullar Jr.,NYK,24,4,4,0,7.3,0,0,0.5,1,3.3,0.5,2.3,8.5,0.3,0.3,1.5,0.8
534,Luke Travers,CLE,23,12,10,2,7.3,0,0.2,0.2,0.8,2.7,2.6,3.3,9,0.1,0.3,0.5,0.1
534,Mac McClung,ORL,26,2,1,1,5.1,0,0,0,0,3.5,2,2.5,6,0,0,1,0.5
534,Malachi Flynn,SAS,27,4,2,2,10.9,0,1.3,0.5,1.5,2.8,3.3,2.3,13.5,0,0,1,1.3
534,Malevy Leons,OKC,25,6,6,0,3.5,0,0,0.2,0,1,1,1.2,3.3,0,0.2,0.7,0.3
534,Miles Norris,BOS,25,3,2,1,11.6,0,0,1,0,3,3.3,2,12,0.3,0.3,0,0.3
534,Pete Nance,MIL,25,13,8,5,10.6,0,0.2,0,0.6,4.2,3.9,2.2,10.2,0.2,0.1,1.3,0.1
534,Riley Minix,SAS,24,1,0,1,6.8,0,0,0,0,2,0,2,6,0,0,0,0
534,Ron Harper Jr.,DET,25,1,0,1,17,0,2,0,2,9,5,2,16,0,0,0,2
534,Skal Labissiere,SAC,29,4,2,2,3,0,0,0,0.5,1.3,0,1.3,1.5,0,0,0.3,0
534,Stanley Umude,MIL,26,22,15,7,3.9,0,0.2,0,0.2,2.6,0.9,1.1,2.5,0.3,0,0.4,0.1
534,Terence Davis,SAC,28,1,1,0,7.9,0,0,0,0,2,0,0,10,0,0,0,0
534,Terry Taylor,SAC,25,3,1,2,2.1,0,0,0,0,0.7,0,0.7,2.7,0,0,0,0
534,Trentyn Flowers,LAC,20,6,4,2,4.4,0,0,0.5,1.3,2.3,1.8,1.2,6.3,0,0,0.7,0.3
534,Tristen Newton,MIN,24,8,2,6,2,0,0,0,0.3,0.8,1,0.9,2.3,0,0.1,0.5,0.1
534,Ulrich Chomche,TOR,19,7,3,4,4.6,0,0.1,0,0.6,1.6,1.3,2.1,5.1,0.1,0,0.7,0.1
534,Yuri Collins,GSW,24,2,2,0,8.2,0,0,0,0,3,5,0,9,0,0,2.5,0.5
534,Zyon Pullin,MEM,24,3,1,2,0.9,0,0,0,0,0,0,0,1.3,0,0,0,0