PLAYERID,FIRSTNAME,LASTNAME,TEAMID,TEAMABBREVIATION,TEAMNAME,TEAMCITY,FRAMES,GRAVITYSCORE,AVGGRAVITYSCORE,ONBALLPERIMETERFRAMES,ONBALLPERIMETERGRAVITYSCORE,AVGONBALLPERIMETERGRAVITYSCORE,OFFBALLPERIMETERFRAMES,OFFBALLPERIMETERGRAVITYSCORE,AVGOFFBALLPERIMETERGRAVITYSCORE,ONBALLINTERIORFRAMES,ONBALLINTERIORGRAVITYSCORE,AVGONBALLINTERIORGRAVITYSCORE,OFFBALLINTERIORFRAMES,OFFBALLINTERIORGRAVITYSCORE,AVGOFFBALLINTERIORGRAVITYSCORE,GAMESPLAYED,MINUTES,PTS,REB,AST
201142,Kevin,Durant,1610612745,HOU,Rockets,Houston,416894,15.9991538461,16.1957346,102215,13.1183461538,13.5634965,227376,18.746051282,18.491637,24174,11.0155384615,10.6744494,63129,11.3702051282,12.536709,78,36.4,26.0,5.5,4.8
1630162,Anthony,Edwards,1610612750,MIN,Timberwolves,Minnesota,283751,14.6582666666,15.0725311,92934,15.4783166666,16.3314717,143015,15.41945,15.5830419,21531,10.5615166666,11.456659,26271,9.43395,10.7463149,60,35.1,29.0,5.0,3.7
1628983,Shai,Gilgeous-Alexander,1610612760,OKC,Thunder,Oklahoma City,302652,14.6452089552,14.8956907,104233,12.7914477611,12.9992613,116622,19.8066716417,20.0863145,37368,9.2560149253,8.4118779,44429,11.0823432835,11.9602192,67,33.2,31.3,4.3,6.6
1629029,Luka,Dončić,1610612747,LAL,Lakers,Los Angeles,290321,14.22434375,14.562104,122182,16.82765625,17.2732178,115281,16.82271875,16.9610562,30842,2.0965,1.7673059,22016,1.347296875,2.8083945,64,35.8,33.5,7.7,8.3
202695,Kawhi,Leonard,1610612746,LAC,Clippers,LA,308314,13.9834153846,13.6049611,79511,16.7315692307,17.1612337,154608,14.8639692307,14.1244176,28203,14.0606307692,13.6517943,45992,13.2152307692,13.1028064,65,32.1,27.9,6.4,3.6
202691,Klay,Thompson,1610612742,DAL,Mavericks,Dallas,201748,12.2766911764,12.2088472,19241,6.2280588235,7.0814867,147839,15.2662794117,15.0899441,3939,-8.2506029411,-7.4552607,30729,-5.0539852941,-3.3324368,68,21.7,11.8,2.1,1.4
201935,James,Harden,1610612739,CLE,Cavaliers,Cleveland,366619,11.3707857142,11.9093102,152749,12.4411428571,13.7599018,167988,14.9220285714,14.6541612,25207,-6.8721428571,-8.5505296,20675,-5.5401571428,-5.3005103,70,34.9,23.6,4.8,8.0
1630595,Cade,Cunningham,1610612765,DET,Pistons,Detroit,289267,11.3266774193,11.2742343,112407,12.0639677419,12.1306656,119819,14.9183709677,14.7075254,27762,1.9827419354,0.848569,29279,2.5466129032,1.8960687,62,33.9,23.9,5.5,9.8
1629130,Duncan,Robinson,1610612765,DET,Pistons,Detroit,291341,10.9093466666,11.2708667,24231,9.70376,10.2059903,206876,12.59804,12.8140651,5298,-12.3424133333,-13.5563257,54936,-7.6968,-6.07942,75,27.3,12.1,2.6,2.1
1630530,Trey,Murphy III,1610612740,NOP,Pelicans,New Orleans,350491,11.2028484848,11.1176969,53233,8.816530303,8.7764989,235550,13.636560606,13.4362082,12063,-2.255030303,-3.1468113,49645,-0.1367727272,0.3367176,66,35.5,21.5,5.7,3.8
1628378,Donovan,Mitchell,1610612739,CLE,Cavaliers,Cleveland,301590,10.5953333333,10.7647095,92613,7.4700144927,7.9143867,161966,15.6174347826,15.5836788,23073,-2.8424492753,-3.6966231,23938,-2.0263913043,-1.6537473,69,33.4,27.8,4.5,5.7
1626164,Devin,Booker,1610612756,PHX,Suns,Phoenix,307598,10.20575,10.5677431,96757,10.91946875,12.0337234,131770,14.758609375,15.0403439,33491,0.2913125,-0.451071,45580,-0.4496875,-0.4687069,64,33.6,26.1,3.9,6.0
1630178,Tyrese,Maxey,1610612755,PHI,76ers,Philadelphia,369249,9.6361285714,10.1540144,127717,7.0670571428,7.3306729,193786,13.0266857142,13.7397563,21409,-2.7373857142,-2.9752019,26337,1.0247714285,2.5184858,70,38.0,28.3,4.1,6.6
1630166,Deni,Avdija,1610612757,POR,Trail Blazers,Portland,325960,9.0152121212,9.7259698,104000,8.9757272727,10.00896,155919,12.9690151515,13.0861986,32114,-0.5426060606,0.333234,33927,0.0866060606,0.9611797,66,33.3,24.2,6.9,6.7
1626181,Norman,Powell,1610612748,MIA,Heat,Miami,221370,9.2957413793,9.4315302,33245,4.9211034482,5.299631,143977,11.9670862068,11.8941531,11934,-0.7021206896,-3.6395538,32214,0.8780517241,0.0568157,58,29.6,21.7,3.5,2.5
1630217,Desmond,Bane,1610612753,ORL,Magic,Orlando,388271,9.7384125,9.28874,77726,7.7300875,7.1804203,244545,12.5332625,12.3442805,18439,-4.2813875,-8.0888511,47561,-0.7308375,-1.1393624,80,33.7,20.3,4.1,4.2
1627750,Jamal,Murray,1610612743,DEN,Nuggets,Denver,382545,8.8369594594,8.8713628,138090,7.0623918918,7.8771983,177103,13.2348648648,12.8755813,28605,-0.8881216216,-0.4369153,38747,0.7230675675,0.3419218,74,35.3,25.5,4.4,7.1
1641705,Victor,Wembanyama,1610612759,SAS,Spurs,San Antonio,230692,8.3061428571,8.5378138,29745,8.6122063492,9.684891,87389,10.9291587301,10.6608039,22500,2.7681269841,2.5490348,91058,2.5451904761,4.6825341,63,29.2,25.1,11.5,3.1
1628973,Jalen,Brunson,1610612752,NYK,Knicks,New York,396170,8.8330422535,8.3793455,154401,8.887197183,8.768967,175164,13.6424929577,12.7534497,34511,-8.5268591549,-9.1767997,32094,-6.4274225352,-6.7472316,71,35.1,26.1,3.3,6.8
1627759,Jaylen,Brown,1610612738,BOS,Celtics,Boston,371711,8.3335492957,8.3584393,100457,9.6038028169,9.8088268,191219,10.2509577464,10.1885857,38500,1.6086056338,1.4296125,41535,2.4237464788,2.8110296,71,34.4,28.7,6.9,5.1
1627742,Brandon,Ingram,1610612761,TOR,Raptors,Toronto,402414,9.3976666666,8.3340066,74344,8.4600533333,8.1671133,228940,10.8478133333,10.3479421,40726,4.1700133333,0.744957,58404,5.46068,3.7786924,75,33.9,21.6,5.7,3.7
203468,CJ,McCollum,1610612737,ATL,Hawks,Atlanta,307613,7.0697866666,7.3582312,87852,5.94364,6.4390977,157889,11.20576,11.1949336,19217,-10.8271466666,-11.1368608,42655,-7.6484933333,-6.7365477,75,29.7,18.7,3.3,3.8
201942,DeMar,DeRozan,1610612758,SAC,Kings,Sacramento,352201,7.6402727272,7.300245,61395,7.4248961038,8.2414652,200323,8.9598051948,8.2381254,35770,5.5823376623,5.518547,54713,5.1462207792,5.2245905,77,31.3,18.4,2.9,4.1
1628370,Malik,Monk,1610612758,SAC,Kings,Sacramento,189482,7.3871290322,7.2449381,39026,5.3931290322,5.5112897,126382,9.24,8.7262777,7826,-1.6486451612,-1.4666534,16248,0.6364354838,1.961923,62,22.0,12.5,1.9,3.0
203501,Tim,Hardaway Jr.,1610612743,DEN,Nuggets,Denver,300769,6.5056202531,7.059348,20999,2.535113924,3.7293481,239239,8.4925949367,8.4001058,3712,-5.5371012658,-8.1697028,36819,-4.7226962025,-3.5603524,79,26.6,13.5,2.6,1.3
1631323,Simone,Fontecchio,1610612748,MIA,Heat,Miami,154586,7.3406521739,6.8450001,13572,4.7745507246,4.7897529,93691,8.6649855072,8.3001846,4561,-6.8807971014,-9.6024549,42762,-6.4580144927,-9.3326919,69,16.7,8.4,3.0,1.4
1631260,AJ,Green,1610612749,MIL,Bucks,Milwaukee,339362,7.1175844155,6.7206429,33354,2.9879870129,1.6450252,248054,8.8014155844,8.273735,4955,-11.5041558441,-17.2903477,52999,-8.1607532467,-6.8721088,77,29.1,10.3,2.7,1.9
1642851,Kon,Knueppel,1610612766,CHA,Hornets,Charlotte,392953,6.5146296296,6.4894987,47020,5.270728395,6.6362209,261645,9.4712962962,9.409839,14712,-12.0270987654,-11.858611,69576,-9.5327777777,-9.146564,81,31.5,18.5,5.3,3.4
1642263,Reed,Sheppard,1610612745,HOU,Rockets,Houston,322139,6.2385925925,6.2339459,83281,4.5581481481,4.6758355,212170,8.017037037,7.7956179,8636,-10.3933209876,-12.1450011,18052,-7.810765432,-9.0554267,81,26.2,13.5,2.9,3.4
1627783,Pascal,Siakam,1610612754,IND,Pacers,Indiana,311102,6.1136557377,6.0670617,45292,6.2700491803,6.5553027,159387,7.2158360655,6.9774385,32446,6.3653606557,5.7256954,73977,4.6712131147,4.8870895,61,33.1,23.9,6.7,3.8
1628379,Luke,Kennard,1610612747,LAL,Lakers,Los Angeles,227457,5.6998974358,5.951393,24390,3.4423333333,5.4508882,156767,7.8256923076,7.7246791,7908,-11.1228589743,-10.7819439,38392,-7.416051282,-6.3996204,78,21.6,8.4,2.3,2.2
1642285,Cam,Spencer,1610612763,MEM,Grizzlies,Memphis,243302,5.5950704225,5.8350561,71071,4.4039859154,4.7810355,137855,8.885112676,9.0027444,11046,-9.2695774647,-10.3689277,23330,-7.1265774647,-6.9612035,71,23.9,11.1,2.6,5.6
1630557,Corey,Kispert,1610612737,ATL,Hawks,Atlanta,137145,5.9965614035,5.7622433,12060,1.1827368421,1.5515543,103279,7.8989824561,7.6149338,3821,-11.0121052631,-11.0264996,17985,-8.774491228,-6.7874341,57,18.7,9.2,2.2,1.6
1628989,Kevin,Huerter,1610612765,DET,Pistons,Detroit,219672,5.7635882352,5.6714845,26771,2.0672058823,2.0688203,149079,8.4628823529,8.5500858,7846,-14.7173235294,-17.7407928,35976,-11.5170588235,-11.5071921,68,22.4,10.0,3.4,2.5
1630170,Devin,Vassell,1610612759,SAS,Spurs,San Antonio,268818,5.7072424242,5.6479003,29388,0.4791363636,1.8558699,202210,7.3921060606,7.3090525,7393,-3.4851969696,-3.4837447,29827,-4.4709545454,-3.6483884,66,30.5,14.0,4.0,2.5
1641729,Brice,Sensabaugh,1610612762,UTA,Jazz,Utah,238225,6.7682702702,5.5272895,31422,4.3870675675,4.8597347,173904,8.1992297297,6.7927488,10692,-5.2492432432,-6.6860858,22207,-3.6787297297,-4.5409276,74,23.5,14.9,3.1,1.9
1628368,De'Aaron,Fox,1610612759,SAS,Spurs,San Antonio,283688,5.0657605633,5.488976,79821,2.2252957746,3.0756106,154285,9.1846056338,9.2205215,21147,-9.2101830985,-8.7713574,28435,-7.8518309859,-6.3971383,71,31.0,18.4,3.7,6.2
1629656,Quentin,Grimes,1610612755,PHI,76ers,Philadelphia,306627,5.8189054054,5.4883654,46923,2.7179189189,4.2459037,215777,7.6336216216,7.0328814,11737,-9.4004324324,-8.7560575,32190,-5.916554054,-5.9716456,74,29.5,13.4,3.7,3.3
1629638,Nickeil,Alexander-Walker,1610612737,ATL,Hawks,Atlanta,349022,5.0310384615,5.474826,65318,4.0664487179,5.5868979,196030,8.524051282,8.8169326,17206,-14.1987692307,-17.292688,70468,-10.7329358974,-10.5851084,78,33.4,20.8,3.4,3.7
1630163,LaMelo,Ball,1610612766,CHA,Hornets,Charlotte,305281,5.1207222222,5.2771138,128043,5.4050833333,5.605042,137086,8.9612222222,8.9908849,17667,-15.9370694444,-14.1250516,22485,-14.6319861111,-13.7675381,72,28.0,20.1,4.8,7.1
1641706,Brandon,Miller,1610612766,CHA,Hornets,Charlotte,301600,5.2842615384,5.1188487,59646,2.5714615384,3.0062307,176179,8.8869692307,8.583104,14676,-12.6318615384,-10.9651407,51099,-11.7557846153,-10.7772195,65,30.3,20.2,4.9,3.3
1641824,Matas,Buzelis,1610612741,CHI,Bulls,Chicago,309662,4.9337763157,4.8076573,43189,2.3491315789,2.345175,210473,6.9944868421,6.9240704,14390,-9.0196447368,-10.6556676,41610,-6.3185263157,-6.8406002,76,29.4,16.4,5.9,2.1
1642907,Cedric,Coward,1610612763,MEM,Grizzlies,Memphis,224197,4.7132459016,4.7684225,36065,3.1107213114,3.73611,146737,6.9732786885,6.7781577,11356,-3.6020491803,-5.0531307,30039,-2.7109836065,-2.6019836,61,25.9,13.6,5.9,2.8
1630541,Moses,Moody,1610612744,GSW,Warriors,Golden State,221919,4.4950166666,4.7091379,21923,-2.8645666666,-1.2363579,169715,6.66605,6.8854107,5281,-15.6796,-15.5090516,25000,-11.09505,-9.412256,60,25.7,12.1,3.3,1.6
1628401,Derrick,White,1610612738,BOS,Celtics,Boston,404488,4.4919090909,4.5980058,112612,4.6972727272,4.9305149,237483,6.5335194805,6.5400327,14695,-20.5857402597,-21.0882145,39698,-16.2601558441,-16.5710955,77,34.1,16.5,4.4,5.4
1630249,Vít,Krejčí,1610612757,POR,Trail Blazers,Portland,196419,4.1823538461,4.525078,19688,1.2393076923,3.8502559,142215,6.0665692307,5.2446061,4092,-17.5048,-16.3566994,30424,-13.2299692307,-10.7210922,65,21.4,8.5,2.3,1.5
1642846,Ace,Bailey,1610612762,UTA,Jazz,Utah,275302,4.2167464788,4.4549052,25378,-1.2709436619,-1.2201174,199671,6.3004507042,6.5147442,10826,-8.8553098591,-8.4627966,39427,-6.1316338028,-5.858863,71,27.5,13.8,4.1,1.8
1642848,Tre,Johnson,1610612764,WAS,Wizards,Washington,192332,3.7685762711,4.364903,26751,1.7399661016,2.4304257,132367,5.7224745762,6.2247403,9116,-8.1522711864,-8.9607267,24098,-5.9022033898,-5.8010553,59,24.0,12.1,2.8,2.0
1631094,Paolo,Banchero,1610612753,ORL,Magic,Orlando,344395,4.2572285714,4.3389125,83928,3.4092285714,3.7437965,169167,5.8781571428,6.1002038,33738,0.1267142857,-0.8229823,57562,0.7585428571,0.8110101,70,34.7,22.2,8.3,5.2
1630577,Julian,Champagnie,1610612759,SAS,Spurs,San Antonio,300669,4.6747777777,4.287367,17469,2.9472716049,3.9574173,232635,6.4671111111,5.8459866,4694,-8.9053086419,-5.9888306,45871,-9.6319506172,-9.2469669,81,27.7,11.2,5.8,1.6
203952,Andrew,Wiggins,1610612748,MIA,Heat,Miami,271201,4.1655441176,4.212368,30487,0.7043382352,1.4450561,170686,6.4939558823,6.3909994,15244,-8.7225441176,-8.4856761,54784,-7.1063529411,-6.5523557,68,30.4,15.4,4.8,2.7
1630198,Isaiah,Joe,1610612760,OKC,Thunder,Oklahoma City,205978,3.8663428571,4.1072471,19219,1.2402428571,2.7371598,149647,5.1189428571,5.4656543,4995,-6.6138,-9.5460508,32117,-4.9825285714,-5.4452159,70,21.3,11.1,2.6,1.3
1642843,Cooper,Flagg,1610612742,DAL,Mavericks,Dallas,352683,4.1600294117,3.98313,79874,2.2562352941,3.0701518,205135,7.2772058823,6.3811075,27187,-5.0984705882,-2.8032676,40487,-3.7468235294,-2.4353189,68,33.6,21.1,6.6,4.5
1628978,Donte,DiVincenzo,1610612750,MIN,Timberwolves,Minnesota,318231,4.1678271604,3.925608,37398,0.0906296296,0.3447436,241584,5.7248148148,5.4023349,7212,-11.1814691358,-11.659533,32037,-9.1670493827,-9.9086086,81,30.4,12.1,4.1,3.8
1631108,Max,Christie,1610612742,DAL,Mavericks,Dallas,303282,3.82452,3.883719,33762,0.9849333333,1.1805254,226496,6.00372,5.9588723,8933,-9.7714933333,-10.9476461,34091,-8.6443733333,-8.1031736,75,29.1,12.4,3.2,1.9
2544,LeBron,James,1610612747,LAL,Lakers,Los Angeles,246741,3.7394,3.7601187,53741,1.7228333333,2.7266121,139750,5.7719166666,5.633465,21079,-4.9788,-4.6506584,32171,-4.9250333333,-5.1892055,60,33.1,20.9,6.1,7.2
1630552,Jalen,Johnson,1610612737,ATL,Hawks,Atlanta,352350,4.4522916666,3.5502434,83482,3.9367222222,4.4939177,183983,7.8304861111,6.51626,31593,-3.2705694444,-7.779625,53292,-1.8609722222,-4.2611472,72,35.2,22.5,10.3,7.9
1642419,Jamison,Battle,1610612761,TOR,Raptors,Toronto,68068,5.1836610169,3.5458079,3316,-1.4651016949,-1.4650328,51177,7.0715084745,5.6093323,1182,-7.3342881355,-16.9257182,12393,-5.6931016949,-4.3581859,59,8.4,3.0,1.5,0.4
1630202,Payton,Pritchard,1610612738,BOS,Celtics,Boston,403123,3.4138607594,3.52586,112051,3.5656455696,4.2898395,228755,5.4515189873,5.403895,23504,-10.5629240506,-11.2031786,38813,-7.9877594936,-7.0678801,79,32.4,17.0,3.9,5.2
1642860,Will,Riley,1610612764,WAS,Wizards,Washington,214156,2.8548611111,3.3613932,34196,-0.0814027777,3.1461405,140077,5.0319861111,5.34295,9849,-8.7554722222,-9.5991785,30034,-9.2649722222,-8.727543,72,22.0,10.2,2.9,2.0
1630180,Saddiq,Bey,1610612740,NOP,Pelicans,New Orleans,327296,3.3395774647,3.2949675,31237,0.2069577464,0.8025521,231418,4.9563802816,4.8594615,21701,-4.6648873239,-3.7477848,42940,-2.9463802816,-3.1200979,71,31.1,17.6,5.6,2.5
1630573,Sam,Hauser,1610612738,BOS,Celtics,Boston,296778,3.2421794871,3.2565464,18334,1.3383076923,0.8184367,224847,4.9359230769,5.1118293,2408,-14.6773717948,-16.8642171,51189,-12.7074615384,-13.2849526,78,24.8,9.2,3.8,1.5
1630696,Dru,Smith,1610612748,MIA,Heat,Miami,149739,3.443617647,3.249969,27887,-0.2931470588,-0.3492232,85407,6.6392205882,6.2543343,8023,-12.9082941176,-13.7881453,28422,-10.2157058823,-9.9431847,68,16.3,5.6,2.5,2.6
1627747,Caris,LeVert,1610612765,DET,Pistons,Detroit,171312,3.5688448275,3.1353523,38762,1.5647931034,1.7094916,100028,6.1964827586,5.9607247,8659,-10.2563103448,-12.5911542,23863,-8.248275862,-8.4704474,58,19.3,7.5,2.0,2.7
1629012,Collin,Sexton,1610612741,CHI,Bulls,Chicago,234659,3.3661323529,3.0914073,63709,2.7309558823,3.0898559,132124,5.66125,5.432078,15014,-11.2555882352,-11.9849415,23812,-6.9229411764,-6.2753407,68,23.7,15.4,2.3,3.3
1642954,Will,Richard,1610612744,GSW,Warriors,Golden State,199864,3.5121470588,2.9867439,13201,-3.1691323529,-3.4251347,149508,5.3884558823,4.9554925,3315,-17.9789852941,-21.125606,33840,-13.9834411764,-14.9116794,68,19.9,6.5,2.5,1.4
1642267,Bub,Carrington,1610612764,WAS,Wizards,Washington,309392,3.7580864197,2.9504613,82676,1.0866296296,1.6047721,193971,6.2011728395,5.268239,10018,-16.1353703703,-16.1513211,22727,-13.3408765432,-11.3574446,81,27.6,10.7,3.4,4.6
1628969,Mikal,Bridges,1610612752,NYK,Knicks,New York,415261,4.321949367,2.9349734,51901,2.2932025316,2.1802722,280247,6.3163164556,5.0134055,17393,-12.8525443037,-14.7114827,65720,-9.896949367,-9.6561825,79,32.8,14.5,3.9,3.7
1642450,Daniss,Jenkins,1610612765,DET,Pistons,Detroit,212832,2.6501830985,2.9273151,70126,2.4889859154,2.7099241,108107,5.1702957746,5.6284353,13314,-12.4182816901,-13.5934413,21285,-9.0879859154,-10.3098576,71,20.4,9.5,2.3,3.9
1631095,Jabari,Smith Jr.,1610612745,HOU,Rockets,Houston,400915,2.9555064935,2.9187446,28290,1.5607922077,2.0318901,300103,3.7476493506,3.6279665,11331,-4.7108701298,-4.3006552,61191,-4.9527792207,-4.2278882,77,35.1,15.8,6.9,1.9
203114,Khris,Middleton,1610612742,DAL,Mavericks,Dallas,184699,2.8751935483,2.8649566,26020,1.5168870967,2.0684807,110364,5.9337258064,5.8052677,13391,-7.8195806451,-7.3454467,34924,-6.2040645161,-5.2626196,62,22.8,10.2,3.6,2.8
1642845,VJ,Edgecombe,1610612755,PHI,76ers,Philadelphia,353265,3.03496,2.8453536,74882,-0.1571733333,0.2283616,225192,4.64704,4.1113552,13300,-5.0158666666,-4.5085758,39891,-3.8362666666,-3.9394401,75,35.0,16.0,5.6,4.2
1641854,Craig,Porter Jr.,1610612739,CLE,Cavaliers,Cleveland,155868,2.5382857142,2.8450146,26336,1.5512857142,3.0195037,98895,4.9571269841,5.4825153,7541,-16.6185873015,-19.0113166,23096,-13.3224603174,-13.6227379,63,17.9,4.6,3.5,3.2
1642265,Rob,Dillingham,1610612741,CHI,Bulls,Chicago,121593,2.415453125,2.7908945,29138,1.7335625,3.0649361,71420,4.701546875,4.8931339,9162,-10.4145625,-11.3627447,11873,-7.371984375,-8.1956854,64,15.0,6.3,2.0,2.2
1642272,Jared,McCain,1610612760,OKC,Thunder,Oklahoma City,161498,3.405402985,2.7830752,26842,1.8363880597,1.9728415,114011,4.4195671641,3.7237791,6569,-9.9371343283,-10.4547029,14076,-7.561283582,-7.4336251,67,17.4,8.3,2.0,1.3
203903,Jordan,Clarkson,1610612752,NYK,Knicks,New York,204140,3.6942205882,2.7573464,21406,2.2088970588,2.0185858,138647,5.6396470588,4.3373986,8992,-10.7580441176,-9.8879845,35095,-9.6155441176,-10.1615366,68,17.8,8.5,1.8,1.4
1641764,Brandin,Podziemski,1610612744,GSW,Warriors,Golden State,336055,2.5502439024,2.7348539,72882,-0.6554756097,-0.0194144,201513,6.5580609756,6.6246089,17172,-18.5245,-19.1233475,44488,-13.0748414634,-12.1557426,82,28.5,13.8,5.1,3.7
1642847,Jeremiah,Fears,1610612740,NOP,Pelicans,New Orleans,307878,2.5150123456,2.5668568,85786,0.7837901234,1.1271257,170440,5.4551728395,5.4280508,19965,-10.2184074074,-11.0850146,31687,-6.9301111111,-6.6359283,81,25.6,14.2,3.6,3.4
1642266,Ja'Kobe,Walter,1610612761,TOR,Raptors,Toronto,204022,2.1878,2.5446964,13163,-2.7690285714,-1.8281396,146355,2.7322571428,3.1951829,3555,-0.461,-0.7351845,40949,-0.6808571428,-1.2705148,70,20.5,7.6,2.6,1.2
1641711,Gradey,Dick,1610612761,TOR,Raptors,Toronto,154111,4.0565833333,2.5376331,10517,3.0643472222,-0.6153222,118297,5.6825277777,4.292479,4512,-5.7615138888,-4.7580514,20785,-5.3333472222,-8.627017,72,14.2,6.2,1.9,0.7
1630193,Immanuel,Quickley,1610612761,TOR,Raptors,Toronto,341883,3.5733823529,2.4485181,94256,2.8379705882,2.4670673,193718,6.357617647,4.9169532,17850,-11.2238382352,-13.5258695,36059,-8.7782058823,-10.1659488,68,32.0,16.5,4.1,5.9
1629627,Zion,Williamson,1610612740,NOP,Pelicans,New Orleans,257781,2.3803770491,2.3549424,39708,0.949262295,1.6312037,100334,3.2995081967,3.6502069,26189,4.2481311475,0.9407647,91550,4.534704918,4.3514183,61,30.0,21.3,5.8,3.2
1641710,Anthony,Black,1610612753,ORL,Magic,Orlando,272768,2.3382580645,2.3178775,51915,-0.0471612903,-0.1856977,178707,4.5452580645,4.5612149,11486,-11.5374193548,-12.1799461,30660,-8.9395645161,-8.9095977,62,30.0,15.0,3.8,3.8
1642377,Jaylen,Wells,1610612763,MEM,Grizzlies,Memphis,253595,2.7372058823,2.2163375,26521,1.6179705882,2.3330781,185326,3.9754117647,3.384674,10470,-8.8964705882,-9.8097382,31278,-5.8148235294,-5.9012665,68,26.4,12.6,3.2,1.6
1631221,Collin,Gillespie,1610612756,PHX,Suns,Phoenix,332848,2.1952125,2.1853917,77822,-1.5348375,-1.4288,206175,5.25745,5.220551,14126,-18.73805,-19.7849555,34725,-12.8445,-12.3991657,80,28.5,12.7,4.1,4.6
1629018,Gary,Trent Jr.,1610612749,MIL,Bucks,Milwaukee,219247,4.1105714285,2.102086,19588,-1.1012222222,-0.4386779,180375,5.0633174603,2.9237543,2863,-3.9862857142,-6.7670688,16421,-2.7319682539,-5.0357953,63,21.4,8.1,1.0,1.2
1626157,Karl-Anthony,Towns,1610612752,NYK,Knicks,New York,360347,3.7371111111,2.0208434,43354,6.8635138888,5.619512,146622,8.6314305555,7.955866,25175,-3.2148055555,-5.4087404,145196,-2.0689305555,-4.172088,72,31.0,20.2,11.9,3.0
1630538,Bones,Hyland,1610612750,MIN,Timberwolves,Minnesota,151414,1.603231884,1.946458,43528,1.3736666666,0.5344994,89520,3.0801884057,3.8345683,5250,-11.8161014492,-14.7934657,13116,-12.423347826,-12.9860818,69,16.9,8.7,1.8,2.7
1642383,Walter,Clayton Jr.,1610612763,MEM,Grizzlies,Memphis,190721,1.5761764705,1.9456037,52780,-0.6237941176,0.2089007,112739,4.9112205882,5.1643086,11026,-18.2030147058,-17.7555906,14176,-14.1605882352,-12.7329732,68,20.5,7.9,2.0,4.0
1641796,Pelle,Larsson,1610612748,MIA,Heat,Miami,227160,1.9567391304,1.8419839,29075,-2.8305652173,-3.8902481,115521,3.994173913,4.0183828,10363,-13.3213623188,-13.6989816,72201,-9.6458840579,-11.5971621,69,26.5,11.4,3.5,3.4
1631157,Ryan,Rollins,1610612749,MIL,Bucks,Milwaukee,353013,2.5920958904,1.79564,98438,4.087739726,3.8567146,199239,5.0377260273,3.9753297,22525,-14.1385068493,-15.6234698,32811,-12.492849315,-14.491,73,32.0,17.2,4.5,5.5
1631096,Chet,Holmgren,1610612760,OKC,Thunder,Oklahoma City,272138,1.8098235294,1.7154082,21629,0.9738382352,2.0646783,153348,4.8094852941,4.6138873,18016,-7.085117647,-8.4353025,79145,-6.2508970588,-5.3476114,68,28.9,17.2,8.9,1.7
1641739,Toumani,Camara,1610612757,POR,Trail Blazers,Portland,388483,1.8558292682,1.6972948,36407,-2.4426341463,-1.9883471,274012,3.8318780487,3.6494666,12896,-12.6106829268,-12.2661939,65168,-10.8105975609,-10.2944687,82,33.3,13.4,5.1,2.5
1630311,Pat,Spencer,1610612744,GSW,Warriors,Golden State,176039,2.290234375,1.6492668,49517,0.39415625,-0.389465,90442,8.512875,7.347648,11061,-19.872546875,-21.0103603,25019,-16.904921875,-16.5816276,64,18.9,7.3,2.4,3.5
1631165,Keon,Ellis,1610612739,CLE,Cavaliers,Cleveland,200515,1.655,1.6323143,13967,-2.4434366197,-1.2592743,150753,2.9057887323,3.0070777,3754,-9.834028169,-15.1628849,32041,-7.0742112676,-10.2203755,71,20.5,6.7,1.9,1.0
1630534,Ochai,Agbaji,1610612751,BKN,Nets,Brooklyn,137540,2.6143833333,1.595047,6938,-3.6239333333,-4.3812023,94574,4.3554166666,3.5858687,2938,-7.4375666666,-7.8370156,33090,-7.1635,-10.6074977,60,15.5,4.9,2.2,0.7
1641716,Jarace,Walker,1610612754,IND,Pacers,Indiana,281071,1.80248,1.5928902,32208,2.5871466666,3.5664829,202169,3.2231466666,2.961661,10003,-8.81544,-8.3414667,36691,-7.66188,-7.9938185,75,25.7,11.7,5.1,2.5
1630172,Patrick,Williams,1610612741,CHI,Bulls,Chicago,201376,1.5296056338,1.5699221,17903,0.0002676056,0.4787221,144702,2.7588169014,2.7585454,8743,-7.2564366197,-6.5473475,30028,-7.3800704225,-7.5141589,71,20.4,6.9,3.0,1.4
1641767,Ben,Sheppard,1610612754,IND,Pacers,Indiana,203210,1.781515625,1.5599671,20468,-1.9608125,0.3621469,145952,3.406140625,2.8664162,3851,-9.5403125,-9.8106754,32939,-7.96028125,-6.2709194,64,21.4,7.1,3.0,1.8
1629675,Naz,Reid,1610612750,MIN,Timberwolves,Minnesota,265858,1.5021052631,1.4724482,23541,4.29775,4.3377883,177729,2.0635131578,1.9254109,12151,-4.0905789473,-4.0024322,52437,-5.1979078947,-3.7826691,76,26.2,13.7,6.2,2.2
1642348,Justin,Edwards,1610612755,PHI,76ers,Philadelphia,133026,2.134,1.4279521,12691,-1.6256774193,0.0047068,98268,3.1453225806,2.3205582,2828,-8.3869516129,-8.5622719,19239,-8.3230645161,-6.7687798,62,15.6,6.2,1.5,1.3
203084,Harrison,Barnes,1610612759,SAS,Spurs,San Antonio,267818,1.5865131578,1.2704429,23933,-2.5896710526,-1.8936545,180199,3.7346842105,3.30419,8508,-12.6371447368,-10.1112005,55178,-10.6944605263,-10.1452245,76,25.8,9.9,2.7,1.9
1630245,Ayo,Dosunmu,1610612750,MIN,Timberwolves,Minnesota,251557,1.1701470588,1.1473202,47136,-0.9688970588,-0.6767049,168806,3.080117647,2.9520048,12245,-10.3836323529,-10.5397336,23370,-9.5418823529,-8.9600608,68,27.3,14.8,3.5,3.6
1630182,Josh,Green,1610612766,CHA,Hornets,Charlotte,139420,1.1589649122,1.1173638,4796,-6.8009649122,-8.1245054,111260,2.1417543859,2.2378847,1780,-12.9565263157,-18.5682825,21584,-12.9565263157,-15.8354146,57,15.7,4.3,1.8,0.8
1641712,Rayan,Rupert,1610612763,MEM,Grizzlies,Memphis,147925,1.46,1.0490816,8322,-1.10371875,-3.2167225,105743,3.068703125,2.8818592,4893,-6.559546875,-7.5115855,28967,-7.14125,-8.8241911,64,16.7,5.2,2.9,1.1
1642363,Nique,Clifford,1610612758,SAC,Kings,Sacramento,251483,0.6069733333,1.0308769,34015,-2.1767866666,-1.3818568,179874,2.2864933333,2.7804286,9573,-9.36872,-11.5687299,28021,-9.1558933333,-9.1830962,75,25.1,8.6,3.8,2.4
203999,Nikola,Jokić,1610612743,DEN,Nuggets,Denver,315290,0.898421875,1.0221621,66091,2.969921875,2.8430064,118167,4.05315625,4.2822112,42541,-7.995734375,-8.9419444,88491,-5.409765625,-3.9782384,64,34.8,27.7,12.8,10.8
1630631,Jose,Alvarado,1610612752,NYK,Knicks,New York,210899,0.7258985507,1.0162448,59814,-0.7474492753,-0.1788301,123270,3.3019420289,3.4379704,7490,-16.1921014492,-19.1323793,20325,-11.9242753623,-12.7111577,69,19.9,7.4,2.5,3.4
1629611,Terance,Mann,1610612751,BKN,Nets,Brooklyn,229279,1.2998253968,0.963159,42877,-2.364031746,-2.4145225,140517,4.5362063492,4.2156338,10608,-19.2094126984,-18.0624987,35277,-15.5659365079,-13.6418698,63,24.3,7.2,3.2,3.0
1630200,Tre,Jones,1610612741,CHI,Bulls,Chicago,236435,1.160984375,0.958291,56187,0.41553125,0.7953704,136573,4.13059375,3.7853994,19120,-12.447703125,-13.8191805,24555,-10.44384375,-11.2347361,64,26.9,14.1,3.1,5.3
1630551,Justin,Champagnie,1610612764,WAS,Wizards,Washington,193967,1.519090909,0.920268,10581,0.745,1.2589466,129002,3.4398939393,2.9346849,5074,-7.7957272727,-8.4568809,49310,-8.1608636363,-7.4830809,66,20.3,8.7,5.6,1.2
1629640,Keldon,Johnson,1610612759,SAS,Spurs,San Antonio,266382,1.0277407407,0.8912612,21772,-1.5588395061,-1.6077427,182433,2.7612222222,2.6507645,14364,-5.7601481481,-5.6563418,47813,-5.4251234567,-4.205045,81,23.4,13.2,5.3,1.4
1642962,Drake,Powell,1610612751,BKN,Nets,Brooklyn,191501,0.5365714285,0.8815844,25151,-2.935047619,-1.6934839,136784,2.4032222222,2.9566015,5685,-16.6648253968,-16.5819781,23881,-11.6043333333,-12.730959,63,20.9,6.5,1.8,1.4
1628389,Bam,Adebayo,1610612748,MIA,Heat,Miami,302504,0.5517638888,0.7913872,28641,-1.5572361111,-1.5752452,127205,3.7498472222,4.0377804,29039,-8.8504861111,-9.4559758,117619,-7.1629166666,-6.3500301,72,32.2,19.2,10.0,3.2
1631321,Sidy,Cissoko,1610612757,POR,Trail Blazers,Portland,214326,0.8807733333,0.6788411,15286,-2.8823066666,-1.1656154,153265,2.2188666666,1.9582753,5915,-13.0360933333,-14.1539366,39860,-10.8187733333,-12.5938063,75,19.1,5.1,2.2,1.5
1629731,Dean,Wade,1610612739,CLE,Cavaliers,Cleveland,177336,0.5527413793,0.6625328,9725,1.4477068965,2.5274422,127632,1.6786896551,2.2342177,3689,-13.3819482758,-13.5165939,36290,-11.0074655172,-9.1734708,58,22.3,5.8,4.2,1.5
202699,Tobias,Harris,1610612765,DET,Pistons,Detroit,236415,1.0090655737,0.6617935,24995,0.9002950819,0.5447708,148384,3.2649016393,2.9388886,15913,-10.8902459016,-9.7057914,47123,-10.0954754098,-7.9498157,61,27.6,13.1,5.2,2.5
203471,Dennis,Schröder,1610612739,CLE,Cavaliers,Cleveland,239912,0.3237857142,0.6404608,75775,-2.0425428571,-0.8912835,130428,3.7483142857,3.9895094,14646,-17.75,-17.5994963,19063,-14.4317428571,-12.0690267,70,24.2,10.8,2.7,4.9
1641783,Tristan,da Silva,1610612753,ORL,Magic,Orlando,258021,0.5245866666,0.6217087,20823,0.26992,0.3660758,183352,1.7711866666,1.9089339,6524,-11.3352533333,-10.8800564,47322,-9.6352,-9.4059838,75,24.7,9.9,3.7,1.6
1631222,Jake,LaRavia,1610612747,LAL,Lakers,Los Angeles,276096,0.659304878,0.6215235,24268,-3.1885975609,-2.5451266,198003,2.1042317073,2.0562226,8276,-9.5985365853,-10.7030642,45549,-8.4647195121,-8.9481478,82,25.2,8.2,4.0,1.8
1642278,Tyler,Kolek,1610612752,NYK,Knicks,New York,113808,3.1754545454,0.6173812,32466,3.2596545454,2.5164682,61692,5.2151818181,3.2746729,6345,-15.0735636363,-18.4918219,13305,-10.1159090909,-16.1530522,55,12.3,4.5,1.7,2.8
1642258,Zaccharie,Risacher,1610612737,ATL,Hawks,Atlanta,223267,3.8485074626,0.6126335,14260,-0.4270597014,-1.1344543,160897,5.0572388059,2.046325,6321,-7.7959402985,-12.6139519,41789,-4.8337164179,-8.3071649,67,22.4,9.6,3.8,1.1
1631106,Tari,Eason,1610612745,HOU,Rockets,Houston,218499,0.5592333333,0.6124303,15974,-2.19995,-1.1760565,166425,2.0900333333,2.026505,6806,-12.3903333333,-10.8794819,29294,-13.4066,-14.1325803,60,25.9,10.5,6.3,1.5
1628970,Miles,Bridges,1610612766,CHA,Hornets,Charlotte,377489,0.3159220779,0.577401,50038,-2.5928441558,-1.0052613,243742,3.1154545454,3.2171449,17897,-11.7504155844,-9.4136013,65812,-11.3306753246,-10.6144835,77,31.0,17.1,5.8,3.2
1630598,Aaron,Wiggins,1610612760,OKC,Thunder,Oklahoma City,190245,0.615453125,0.545899,28656,-1.872203125,-0.11545,120107,3.013796875,2.9162555,8317,-10.783421875,-12.6768892,33165,-9.303515625,-8.9108887,64,21.9,9.5,3.1,1.7
1642844,Dylan,Harper,1610612759,SAS,Spurs,San Antonio,208818,0.1879852941,0.427215,55773,-0.7745735294,-0.0769301,113849,3.6893823529,3.7052322,15485,-14.9141617647,-15.7109205,23711,-13.3337794117,-13.2546251,68,22.6,11.8,3.4,3.9
1631248,Baylor,Scheierman,1610612738,BOS,Celtics,Boston,215469,0.2191688311,0.4211717,15714,-2.6275194805,-2.4952761,170118,1.3361038961,1.6465145,4336,-13.8741428571,-18.7250175,25301,-12.6368311688,-12.6513739,77,18.6,5.5,3.5,1.5
1628384,OG,Anunoby,1610612752,NYK,Knicks,New York,337299,1.6573692307,0.4043298,25640,-0.6867846153,-1.5846547,230573,3.9038461538,2.6862371,14427,-9.7642615384,-13.3848453,66659,-9.682,-10.0533533,65,33.2,16.7,5.2,2.2
1641730,Noah,Clowney,1610612751,BKN,Nets,Brooklyn,265457,0.5492272727,0.2415953,23815,0.4191515151,1.5414817,194002,1.7777575757,1.4172516,9019,-10.584560606,-14.0134554,38621,-10.3359848484,-10.3286979,66,27.0,12.3,4.1,1.6
1641717,Cason,Wallace,1610612760,OKC,Thunder,Oklahoma City,275474,0.2167894736,0.2359191,31357,-0.5907368421,-0.495721,174495,3.1557368421,3.0071385,11105,-16.0709868421,-17.3233759,58517,-14.0107236842,-13.7124494,76,26.7,8.6,3.1,2.6
1641738,Kobe,Brown,1610612754,IND,Pacers,Indiana,130536,0.0833728813,0.1419222,12729,-1.679,-1.9842828,89250,2.455559322,1.8302819,4824,-7.408898305,-10.8770053,23733,-4.8968305084,-5.1037703,59,15.7,5.7,3.0,1.3
1630611,Gui,Santos,1610612744,GSW,Warriors,Golden State,188915,-0.0379411764,0.1018496,22299,-3.1816617647,-3.6832326,110592,3.6392058823,4.4002782,10366,-13.2588970588,-16.7152195,45658,-14.0181911764,-15.9199082,68,20.6,9.2,3.9,2.3
1629060,Rui,Hachimura,1610612747,LAL,Lakers,Los Angeles,250784,0.6248823529,0.0976293,11982,-2.5726764705,-2.0379479,206973,1.7309117647,1.2288289,7278,-11.6281764705,-10.0618664,24551,-10.5086764705,-10.1657485,68,28.3,11.5,3.3,0.8
1630578,Alperen,Sengun,1610612745,HOU,Rockets,Houston,354755,-0.3820555555,0.0573103,63187,-0.4312361111,0.3351656,122598,1.7401388888,2.3860077,48674,-6.2744027777,-5.6713447,120296,-5.8385694444,-4.9971124,72,33.3,20.4,8.9,6.2
1642281,Jaylon,Tyson,1610612739,CLE,Cavaliers,Cleveland,236010,-0.0783692307,0.0458096,20605,-1.7462923076,-0.6535509,159500,2.6586923076,2.7422142,8875,-16.9252153846,-19.3725571,47030,-15.5968307692,-13.4341223,65,27.1,13.2,5.1,2.2
1626220,Royce,O'Neale,1610612756,PHX,Suns,Phoenix,319362,0.1279615384,-0.0391019,32762,-4.1539102564,-3.7740247,256622,1.7688205128,1.5991531,5233,-31.3459102564,-33.7071773,24745,-26.617551282,-26.2275892,78,28.4,9.8,4.8,2.7
203944,Julius,Randle,1610612750,MIN,Timberwolves,Minnesota,342071,-0.1217179487,-0.0803296,60446,0.9006538461,1.2365659,183854,1.1797307692,1.3575273,37509,-5.5572179487,-6.0368461,60262,-4.8826025641,-5.1251717,78,33.0,21.0,6.8,5.1
1630643,Jay,Huff,1610612754,IND,Pacers,Indiana,245966,-0.2904444444,-0.0892575,17787,5.516728395,4.9179558,137525,0.9031975308,1.3877139,5825,-6.6784444444,-6.7686942,84829,-5.9254567901,-5.3698871,81,21.1,9.6,4.0,1.5
1642271,Kyle,Filipowski,1610612762,UTA,Jazz,Utah,250552,-0.3980921052,-0.0929091,25863,1.7020789473,1.484406,160226,1.2975131578,1.6508532,12900,-11.4061973684,-12.9617466,51563,-9.4837236842,-9.7322982,76,23.3,11.4,7.2,2.6
1630692,Jordan,Goodwin,1610612756,PHX,Suns,Phoenix,226679,0.0241285714,-0.2165935,26098,-2.4086714285,-2.3672495,154552,1.6351571428,1.6265585,6350,-17.0456428571,-17.4060666,39679,-12.2679285714,-14.4635836,70,22.5,8.7,4.9,2.2
202696,Nikola,Vučević,1610612738,BOS,Celtics,Boston,265687,-0.4406984126,-0.2182481,28655,3.1201428571,4.1599692,128793,1.0447936507,1.2888677,17260,-8.1457777777,-7.6749732,90979,-6.1489523809,-5.6275106,63,28.4,15.1,8.4,3.3
1630171,Isaac,Okoro,1610612741,CHI,Bulls,Chicago,231851,-0.2274516129,-0.2517243,14487,-5.5705,-5.0075149,161871,1.2688548387,1.2104543,7010,-12.0092096774,-12.3046279,48483,-11.3569193548,-11.1826017,62,27.0,9.4,2.7,1.6
1642864,Hugo,González,1610612738,BOS,Celtics,Boston,165151,-0.689219178,-0.292435,6566,-3.3158630136,-4.0915385,128860,0.2685068493,0.751641,2375,-7.9075342465,-9.9975157,27350,-7.3706849315,-8.2746812,73,14.8,4.0,3.4,0.5
1630567,Scottie,Barnes,1610612761,TOR,Raptors,Toronto,386741,0.6571794871,-0.3795668,58023,0.4252820512,-0.2914155,188405,2.4176923076,1.3502369,32669,-4.8944871794,-7.0859259,107644,-4.8336794871,-4.5667449,78,33.6,18.2,7.5,5.9
1630183,Jaden,McDaniels,1610612750,MIN,Timberwolves,Minnesota,294267,-0.1148888888,-0.453758,25687,-2.8078055555,-3.2175353,211871,2.0020972222,1.7693573,13493,-13.3607222222,-14.2788946,43216,-11.4028055555,-10.1481347,72,31.7,14.9,4.3,2.7
1630558,Davion,Mitchell,1610612748,MIA,Heat,Miami,261326,-0.4727536231,-0.5507678,61101,-3.2816376811,-3.2285891,157055,3.5634637681,3.3782269,16102,-25.2696811594,-26.5398826,27068,-18.4603913043,-19.1220956,69,28.6,9.3,2.6,6.5
1642347,Jamal,Shead,1610612761,TOR,Raptors,Toronto,254028,-0.7198875,-0.5900501,72440,-0.4562125,-0.1922099,139223,1.878725,1.9461021,12238,-20.7595375,-22.4520129,30127,-18.0738125,-17.9381436,80,22.7,6.7,1.8,5.4
1642276,Kel'el,Ware,1610612748,MIA,Heat,Miami,218642,-0.1637763157,-0.7608174,7796,-2.9575,-2.3787982,62026,1.3045,0.6376583,6398,-4.801618421,-5.2302954,142422,-3.9776447368,-2.7190813,76,22.0,10.9,8.9,0.7
1626171,Bobby,Portis,1610612749,MIL,Bucks,Milwaukee,241188,-0.4463880597,-0.895012,21559,3.1824179104,2.0506665,139051,0.3422686567,0.2145602,16243,-4.4706268656,-4.8385306,64335,-4.6339701492,-4.3562013,67,24.1,13.7,6.4,1.6
201587,Nicolas,Batum,1610612746,LAC,Clippers,LA,215031,-0.3521621621,-0.9082576,9674,-4.4991081081,-4.2486002,174406,1.3512702702,0.4631828,625,-17.2226621621,-35.4994032,30326,-14.9200675675,-16.5059593,74,17.5,4.0,2.5,0.9
1629750,Javonte,Green,1610612765,DET,Pistons,Detroit,203847,-0.0228,-0.9813445,9905,-3.9317,-4.6372804,143240,1.3109625,0.6650156,3742,-5.587025,-8.799691,46960,-7.6888125,-6.1981862,80,17.7,6.9,2.8,0.7
1626145,Tyus,Jones,1610612743,DEN,Nuggets,Denver,144529,0.0061076923,-1.1230994,36863,-1.7867538461,-2.1714558,92971,2.2947846153,1.8530544,2759,-24.1902,-38.5474443,11936,-19.1613230769,-27.6509363,65,14.7,3.0,1.2,2.4
1629006,Josh,Okogie,1610612745,HOU,Rockets,Houston,203604,-1.5920128205,-1.1476431,8754,-4.3584230769,-2.1056777,148608,-1.2198076923,-0.7661667,3700,-7.3686153846,-6.4073681,42542,-5.3647692307,-3.415274,78,17.4,4.5,2.6,0.9
1631170,Jaime,Jaquez Jr.,1610612748,MIA,Heat,Miami,270018,-1.2961780821,-1.1598278,55170,-3.470479452,-3.0303492,133034,1.8731506849,1.8703923,28060,-12.7448082191,-12.3721287,53754,-10.8600684931,-9.5752757,73,28.3,15.3,5.0,4.7
1629652,Luguentz,Dort,1610612760,OKC,Thunder,Oklahoma City,249187,-1.0874558823,-1.1658214,17945,-4.5151029411,-3.3723543,186462,0.1186617647,0.1479982,5305,-15.0840882352,-15.1129063,39475,-13.4178823529,-14.1552002,68,26.8,8.4,3.5,1.2
1642883,Sion,James,1610612766,CHA,Hornets,Charlotte,295348,-1.1336049382,-1.2169174,39503,-0.9436296296,-0.5007864,203049,0.784345679,0.4572049,7027,-21.9499382716,-23.9895209,45769,-17.7452345679,-17.7103872,81,22.5,5.3,3.5,2.0
1642262,Cody,Williams,1610612762,UTA,Jazz,Utah,205626,-1.6962878787,-1.2273989,19265,-4.9795151515,-7.5229698,137847,0.6480454545,1.6069623,7232,-12.4811818181,-16.7631595,41282,-12.5843939393,-14.5440042,66,24.4,8.8,3.0,2.0
1630596,Evan,Mobley,1610612739,CLE,Cavaliers,Cleveland,271724,-1.760546875,-1.2964788,32711,1.498234375,2.7898391,118886,1.95021875,1.9566947,24933,-10.542140625,-10.5572505,95194,-9.5113125,-8.5351615,64,32.1,18.2,9.0,3.6
1631119,Jaylin,Williams,1610612760,OKC,Thunder,Oklahoma City,174145,-1.2929692307,-1.3211076,21601,1.2005076923,1.7781137,115581,0.2470307692,0.2798091,3661,-7.2996461538,-8.2532952,33302,-6.7100923076,-6.5360391,65,19.7,7.2,5.5,2.4
1628971,Bruce,Brown,1610612743,DEN,Nuggets,Denver,290184,-1.8811851851,-1.3525276,38795,-1.9862716049,-1.0465481,164471,0.9987160493,1.0613537,8624,-15.8495185185,-16.2474272,78294,-14.0513086419,-14.5632065,81,24.4,8.0,3.9,2.1
1641757,Jordan,Miller,1610612746,LAC,Clippers,LA,180073,-1.2317333333,-1.3575551,25039,-1.6167666666,-1.618343,118573,1.8745666666,1.4153028,10446,-13.1198,-14.1925305,26015,-14.3075333333,-12.7882896,60,22.0,10.0,3.0,2.3
203935,Marcus,Smart,1610612747,LAL,Lakers,Los Angeles,223695,-1.3646451612,-1.3690896,32708,-0.5654838709,0.992521,162306,-0.5411290322,-0.7336053,6767,-19.8224193548,-18.0783902,21914,-17.7679516129,-16.2965005,62,28.5,9.3,2.8,3.0
1630314,Brandon,Williams,1610612742,DAL,Mavericks,Dallas,206158,-1.887171875,-1.3697224,63737,-4.55653125,-3.5616992,104733,3.924359375,4.0157673,18009,-21.682984375,-22.2691438,19679,-17.55975,-14.9095948,64,22.2,13.0,3.0,4.0
1630168,Onyeka,Okongwu,1610612737,ATL,Hawks,Atlanta,303039,-2.7882702702,-1.4707713,26873,0.9382837837,2.3227129,165718,-1.1916756756,-0.2098918,12079,-10.039054054,-8.0397589,98369,-9.6722432432,-7.3898942,74,31.1,15.2,7.6,3.1
1627824,Guerschon,Yabusele,1610612741,CHI,Bulls,Chicago,141352,-2.2880307692,-1.5079278,10262,1.4822,2.9782219,83565,-1.3267384615,-0.3567516,3971,-4.4852461538,-6.9551047,43554,-8.6584461538,-7.8376916,65,15.2,5.6,3.5,1.0
1642346,Ryan,Dunn,1610612756,PHX,Suns,Phoenix,192598,-0.7848571428,-1.5126687,11909,-7.3577428571,-6.9806639,138277,1.3509714285,0.4340911,5013,-16.6195857142,-18.5182445,37399,-12.9364285714,-12.1483084,70,19.4,5.8,4.2,1.5
1642869,Noah,Penda,1610612753,ORL,Magic,Orlando,107148,-1.756122807,-1.7062167,8341,-1.6389298245,-2.5804258,74220,-0.262368421,0.1819637,4258,-9.496245614,-8.7227296,20329,-9.8087017543,-10.3593931,57,13.1,3.9,3.2,1.2
1641707,Taylor,Hendricks,1610612763,MEM,Grizzlies,Memphis,146730,-1.4519827586,-1.7231271,6285,-4.3360862068,-4.8518256,103875,-0.0874137931,-0.2302474,4248,-3.9843448275,-5.74918,32322,-5.179137931,-4.8269628,58,18.9,7.3,3.8,0.9
1628398,Kyle,Kuzma,1610612749,MIL,Bucks,Milwaukee,258879,-1.1409117647,-1.7293923,27459,0.3598529411,-0.308636,163290,1.1375147058,0.4951508,12834,-13.5295147058,-15.1571951,55296,-12.6044558823,-12.7155498,68,26.3,12.9,4.5,2.7
1626167,Myles,Turner,1610612749,MIL,Bucks,Milwaukee,288793,-0.8819285714,-1.7422877,21111,3.8737,2.8684753,180879,0.9184571428,-0.16082,6735,-7.8754857142,-7.7138923,80068,-7.6098571428,-7.8000704,70,26.9,11.9,5.3,1.4
1642920,Kobe,Sanders,1610612746,LAC,Clippers,LA,204911,-1.561867647,-1.871059,25799,0.1541911764,2.3111497,150402,-0.3054705882,-0.8277103,6752,-16.4580147058,-15.8271741,21958,-16.7425735294,-16.3105518,68,19.9,7.3,2.3,1.6
1642852,Derik,Queen,1610612740,NOP,Pelicans,New Orleans,288734,-1.8719875,-1.875787,51209,2.5530625,2.8159522,134459,-0.7284,-0.5269303,22620,-10.8104625,-11.0017943,80446,-8.747425,-8.6273892,80,25.1,11.8,7.0,3.7
1628997,Caleb,Martin,1610612742,DAL,Mavericks,Dallas,129746,-1.4536607142,-1.91745,11374,-4.7562857142,-6.9011628,85380,0.8025535714,0.5808303,4837,-16.7877678571,-16.5376712,28155,-14.9053214285,-11.084284,56,15.0,4.0,2.5,1.4
1642877,Micah,Peavy,1610612740,NOP,Pelicans,New Orleans,137645,-1.7973333333,-2.0284655,6962,-7.0201166666,-8.514042,107452,-0.79025,-0.5264696,4921,-13.6637833333,-15.3112688,18310,-10.7535833333,-10.8624883,60,15.2,4.4,1.9,1.0
1641775,Jordan,Walsh,1610612738,BOS,Celtics,Boston,187295,-1.5090147058,-2.1244119,8340,-7.8700588235,-7.3830484,141243,-0.0814558823,-0.707592,2924,-8.7018235294,-7.3513071,34788,-10.9717058823,-9.6380679,68,17.9,5.4,4.0,0.8
1642948,Ryan,Nembhard,1610612742,DAL,Mavericks,Dallas,187554,-2.8379322033,-2.2256585,65417,-3.2292203389,-2.7762425,95993,1.623,1.323643,12212,-24.5571355932,-23.4443247,13932,-22.130559322,-19.3780927,59,19.5,6.6,2.3,5.3
1642868,Carter,Bryant,1610612759,SAS,Spurs,San Antonio,107844,-2.5734142857,-2.4230842,7057,-4.7474285714,-5.6768003,79979,-1.4620428571,-1.1187485,2517,-8.3536714285,-9.4176535,18291,-8.1184285714,-10.6786975,70,11.7,4.3,2.5,0.7
1630230,Naji,Marshall,1610612742,DAL,Mavericks,Dallas,328238,-1.8964657534,-2.4552194,45741,-4.7601780821,-4.8649711,215822,1.1604657534,0.3438094,17402,-17.3510958904,-21.1485874,49273,-12.9365342465,-10.8048821,73,29.6,15.4,4.7,3.3
1642366,Quinten,Post,1610612744,GSW,Warriors,Golden State,177563,-2.4081194029,-2.5847177,14815,3.1125074626,3.6943239,109604,0.1538358208,0.0872429,6298,-12.4378358208,-15.0760865,46846,-12.9593880597,-13.5539687,67,17.3,7.7,4.0,1.4
1628381,John,Collins,1610612746,LAC,Clippers,LA,273234,-2.3815507246,-2.6480529,10558,-2.5169710144,-1.3661339,189457,-0.6990869565,-1.4042724,10087,-4.854289855,-4.9262679,63132,-7.2373913043,-6.1793725,69,27.1,13.6,5.3,1.0
1631133,Jabari,Walker,1610612755,PHI,76ers,Philadelphia,111785,-2.0337301587,-2.7203748,4659,-1.3124285714,0.3017611,62438,-0.9724285714,-1.4876487,2671,4.9183492063,1.5291527,42017,1.4138412698,-0.2323165,63,11.9,4.3,3.0,0.5
1642885,Mohamed,Diawara,1610612752,NYK,Knicks,New York,83648,-2.2134603174,-2.7241863,9258,-4.5869206349,-7.2163897,58218,-1.4186190476,-0.9023079,2302,-16.3687777777,-25.1020842,13870,-17.1602857142,-22.5466622,63,9.9,3.8,1.4,0.8
1628418,Thomas,Bryant,1610612739,CLE,Cavaliers,Cleveland,98885,-3.1636724137,-2.7242851,7466,2.5564310344,2.8632047,47815,-0.926637931,0.1244961,2551,-10.8583620689,-11.1156632,41053,-9.5925344827,-10.1478015,58,12.6,6.3,3.5,0.6
1641740,Jaylen,Clark,1610612750,MIN,Timberwolves,Minnesota,119276,-2.3928507462,-2.8439236,5204,-2.1189402985,-1.1286398,84498,-1.6426567164,-1.8524831,2130,-7.1951940298,-9.5252131,27444,-10.1019850746,-9.0586653,67,13.1,4.1,1.8,0.6
1627739,Kris,Dunn,1610612746,LAC,Clippers,LA,330023,-2.7346463414,-2.9810923,53835,0.732,1.1902547,212129,-1.2747804878,-1.8120254,11503,-19.2272439024,-19.8199308,52556,-19.4124146341,-18.7483068,82,27.2,7.3,3.3,3.6
1630572,Sandro,Mamukelashvili,1610612761,TOR,Raptors,Toronto,245948,-1.8406794871,-3.0086364,19375,-0.4911153846,-1.3159032,150157,-0.169025641,-0.5632474,8074,-8.3196153846,-9.5986331,68342,-7.5666538461,-9.29897,78,21.8,11.2,4.9,1.9
201566,Russell,Westbrook,1610612758,SAC,Kings,Sacramento,261784,-2.484921875,-3.0459412,76605,-3.01290625,-3.197516,137817,-0.096734375,-0.8817698,22293,-12.450046875,-13.522787,25069,-9.907703125,-8.903241,64,29.0,15.2,5.4,6.7
1631255,Karlo,Matković,1610612740,NOP,Pelicans,New Orleans,121932,-2.9391639344,-3.0497912,4495,-7.0675081967,-5.1693599,76197,-2.456114754,-2.2305022,2962,-10.7840327868,-12.7947819,38278,-10.95,-7.416677,61,14.5,5.6,3.7,0.7
1631243,Mouhamed,Gueye,1610612737,ATL,Hawks,Atlanta,162719,-3.8713552631,-3.1407022,6666,-5.7604473684,-3.8127503,89379,-3.0456973684,-2.5090476,5189,-9.4714342105,-9.3150793,61485,-11.7597763157,-9.9292467,76,15.4,4.5,3.6,0.9
201572,Brook,Lopez,1610612746,LAC,Clippers,LA,231275,-3.18404,-3.2070268,15386,2.1041066666,2.5951671,141877,-1.9467066666,-1.8092392,6136,-7.1841733333,-13.138717,67876,-9.4299866666,-10.929281,75,21.8,8.5,3.6,1.3
1629111,Jock,Landale,1610612737,ATL,Hawks,Atlanta,214254,-3.3066716417,-3.2441054,10935,0.3221641791,0.4890731,99479,-1.4199402985,-1.3833223,9376,-9.6388208955,-7.6947521,94464,-10.3086567164,-9.364262,67,22.2,10.6,5.7,1.7
1631105,Jalen,Duren,1610612765,DET,Pistons,Detroit,267285,-3.6407647058,-3.3483056,17374,0.1699117647,1.4295931,87335,-2.540117647,-2.331078,19048,-4.591117647,-4.1641328,143528,-5.8619264705,-6.2348459,68,28.2,19.3,10.5,2.0
1630173,Precious,Achiuwa,1610612758,SAC,Kings,Sacramento,235892,-3.3144520547,-3.353806,13026,-5.3377945205,-6.9177969,135969,-2.3095616438,-1.9723408,9727,-7.5540273972,-8.6998514,77170,-6.2756164383,-6.4400208,73,24.0,10.1,6.7,1.4
1641772,Nae'Qwan,Tomlin,1610612739,CLE,Cavaliers,Cleveland,134174,-4.05915625,-3.376066,6175,-8.380203125,-5.5339612,77866,-2.994734375,-2.1892183,3730,-11.50046875,-10.6858458,46403,-11.794375,-9.609898,64,15.7,5.8,2.9,0.8
1642264,Stephon,Castle,1610612759,SAS,Spurs,San Antonio,262925,-3.652283582,-3.4049473,79061,-3.6973134328,-3.2167411,124945,0.3983582089,0.5977059,26382,-17.7691044776,-18.1806578,32537,-15.8739552238,-14.3165688,67,29.9,16.6,5.3,7.4
1630191,Isaiah,Stewart,1610612765,DET,Pistons,Detroit,194424,-3.6259464285,-3.8868016,10325,-3.7732321428,-0.7704093,80708,-3.3049107142,-4.0927557,8415,-4.3015357142,-4.6761958,94976,-6.0377678571,-5.028748,56,22.7,10.0,5.0,1.1
1630194,Paul,Reed,1610612765,DET,Pistons,Detroit,128216,-4.441796875,-4.1455097,9246,0.150171875,0.6676433,48183,-2.481421875,-2.1834152,7296,-9.612421875,-9.9982183,63491,-10.4035,-10.1026764,64,14.0,7.9,4.6,1.2
1641842,Ronald,Holland II,1610612765,DET,Pistons,Detroit,225175,-4.0292631578,-4.1585961,16363,-6.9673289473,-6.4821337,171453,-3.2475263157,-3.241501,6735,-9.9594342105,-7.7732512,30624,-8.6387105263,-8.5176779,76,19.8,8.3,4.1,1.2
1642461,Spencer,Jones,1610612743,DEN,Nuggets,Denver,209670,-4.0669677419,-4.2246245,4904,-4.8692903225,-5.8131048,120368,-1.9812741935,-2.0036116,2572,0.276048387,-6.2508409,81826,-4.3886290322,-5.1271846,62,22.4,5.6,3.3,0.8
1629048,Goga,Bitadze,1610612753,ORL,Magic,Orlando,136961,-4.1783225806,-4.3734275,9317,1.0677096774,1.8156136,47656,-3.3344838709,-2.579325,5114,-5.3719193548,-8.6124704,74874,-7.4004032258,-10.0675424,62,14.9,5.8,4.9,1.3
203991,Clint,Capela,1610612745,HOU,Rockets,Houston,135086,-4.1266621621,-4.3752188,4500,-3.6561621621,-5.0515311,39324,-3.8044864864,-4.0292421,4259,-8.3198243243,-4.5743956,87003,-8.8113648648,-7.972594,74,12.4,3.8,4.6,0.7
1630549,Day'Ron,Sharpe,1610612751,BKN,Nets,Brooklyn,170977,-4.4998709677,-4.4565403,19179,0.5358870967,2.2576369,53421,-3.6558064516,-3.1474496,9246,-7.641032258,-9.888005,89131,-8.4651774193,-8.6696414,62,18.7,8.7,6.7,2.3
1630568,Luka,Garza,1610612738,BOS,Celtics,Boston,176971,-4.620115942,-4.4784092,10571,1.3719710144,1.0065326,81975,-2.2618550724,-1.9300739,4267,-9.0318115942,-8.4622151,80158,-8.4805797101,-8.0950021,69,16.1,8.1,4.1,1.0
1641708,Amen,Thompson,1610612745,HOU,Rockets,Houston,436373,-4.7323670886,-4.5696991,87868,-6.6245189873,-5.5924652,151465,-2.0463797468,-2.2054776,30840,-14.804556962,-13.8534003,166200,-13.655113924,-12.449079,79,37.4,18.3,7.8,5.3
1628976,Wendell,Carter Jr.,1610612753,ORL,Magic,Orlando,320224,-4.8764210526,-4.7318436,20159,-1.6895394736,-0.9777537,144346,-4.7021315789,-4.5087374,11136,-6.5602763157,-6.3028385,144583,-7.6781842105,-7.8378886,76,29.5,11.9,7.4,2.0
1631230,Dominick,Barlow,1610612755,PHI,76ers,Philadelphia,226788,-4.5456760563,-4.7342463,8712,-7.6033098591,-5.9986664,106586,-2.6483098591,-2.6025507,7157,-9.8716338028,-6.8705908,104333,-10.9625633802,-9.5264339,71,23.7,7.7,4.8,1.2
1642875,Maxime,Raynaud,1610612758,SAC,Kings,Sacramento,265079,-4.4720675675,-5.0781558,13502,-0.4962162162,-0.5698612,107452,-4.180081081,-4.4220854,10371,-6.9737297297,-8.3344404,133754,-6.023581081,-8.0991194,74,26.6,12.5,7.5,1.4
1629057,Robert,Williams III,1610612757,POR,Trail Blazers,Portland,149879,-5.4296949152,-5.362974,5091,-8.7793559322,-9.8022569,56765,-5.4453050847,-5.139449,4054,-7.4492033898,-9.1280611,83969,-10.3015762711,-10.3735004,59,17.1,6.7,7.0,1.0
1642268,Isaiah,Collier,1610612762,UTA,Jazz,Utah,217112,-5.352637931,-5.4330469,86703,-6.4670517241,-6.2559208,101309,-1.5838275862,-1.7288044,16811,-22.1428793103,-21.071547,12289,-18.716137931,-19.0543013,58,25.6,11.5,2.5,7.2
1629028,Deandre,Ayton,1610612747,LAL,Lakers,Los Angeles,250815,-5.5887222222,-5.5007813,5278,-4.9481527777,-2.8739592,93365,-3.2604861111,-3.002975,10136,-4.2123333333,-4.0429098,142036,-6.3352777777,-6.339049,72,27.3,12.5,8.0,0.8
1628404,Josh,Hart,1610612752,NYK,Knicks,New York,311860,-4.1616349206,-5.5094832,38392,-7.1101111111,-8.8906489,204774,-1.0935238095,-1.9629034,11405,-21.3425079365,-26.5574056,57289,-17.817063492,-19.6490052,63,30.3,11.7,7.4,4.8
1629637,Jaxson,Hayes,1610612747,LAL,Lakers,Los Angeles,160991,-5.7585757575,-5.521491,4503,-4.2284545454,-4.9427523,55604,-3.571530303,-3.7732552,4181,-4.1678333333,-6.2293465,96703,-8.5481363636,-7.9079773,66,18.3,7.5,4.1,0.9
1629011,Mitchell,Robinson,1610612752,NYK,Knicks,New York,160385,-5.8677192982,-5.6581461,6431,-4.9546666666,-3.69176,47342,-3.7135087719,-3.9915069,2876,-5.385122807,-0.5793146,103736,-7.4012280701,-7.0668194,57,19.8,5.8,8.5,0.9
1642270,Donovan,Clingan,1610612757,POR,Trail Blazers,Portland,293524,-5.7918441558,-5.8626566,20137,-4.6041428571,-4.2147267,135690,-6.1899870129,-6.6012908,11168,-6.7444155844,-7.2395924,126529,-7.2682597402,-6.7459394,77,27.2,12.1,11.6,2.1
1641709,Ausar,Thompson,1610612765,DET,Pistons,Detroit,258545,-6.4121267605,-5.9784925,31616,-10.4209718309,-8.2037107,135316,-4.4323239436,-3.8997911,16679,-14.407,-12.4888096,74934,-14.5030985915,-13.810778,71,26.0,9.8,5.6,3.1
1630700,Dyson,Daniels,1610612737,ATL,Hawks,Atlanta,346288,-7.183618421,-6.1549608,52576,-9.7420263157,-6.6041092,161266,-3.5132105263,-2.7290026,25132,-20.3217236842,-19.7056348,107314,-17.9971052631,-17.3799573,76,33.2,11.9,6.8,5.9
1628963,Marvin,Bagley III,1610612742,DAL,Mavericks,Dallas,167728,-6.52265,-6.3003809,12021,-5.3025166666,-3.9455472,60468,-4.2773666666,-3.9258907,8280,-15.1697,-17.700213,86959,-13.3674,-12.9596903,60,20.0,10.5,6.1,1.4
1627780,Gary,Payton II,1610612744,GSW,Warriors,Golden State,151625,-6.1084657534,-6.4025395,13335,-13.0676849315,-12.8581685,77236,-2.1432739726,-2.563139,6437,-21.0113972602,-25.7430265,54617,-20.4260410958,-20.6893192,73,15.6,7.5,3.6,1.7
1629651,Nic,Claxton,1610612751,BKN,Nets,Brooklyn,286738,-6.4133043478,-6.5813534,40519,-5.1267681159,-5.2607865,93638,-3.9844492753,-3.7873252,16798,-14.5666956521,-14.9511408,135783,-13.8059855072,-13.2368317,69,27.8,11.7,6.9,3.7
1629020,Jarred,Vanderbilt,1610612747,LAL,Lakers,Los Angeles,157321,-7.0713076923,-6.7004599,8298,-12.0102615384,-9.0702043,92175,-6.1549538461,-5.292047,3123,-10.4281846153,-9.462275,53725,-11.345676923,-11.5928924,65,17.4,4.4,4.5,1.3
1641737,Adem,Bona,1610612755,PHI,76ers,Philadelphia,164456,-6.4409857142,-6.7456837,3495,-6.8102571428,-10.1636474,44522,-5.6847285714,-6.0080038,4063,-4.2352428571,-2.8501649,112376,-7.9051142857,-7.8888515,70,17.4,4.8,4.3,0.5
203110,Draymond,Green,1610612744,GSW,Warriors,Golden State,250462,-7.0205147058,-6.8381562,39143,-10.4032794117,-10.6316562,143487,-3.0297058823,-2.4455734,10058,-28.709367647,-29.0175837,57774,-24.24,-22.6503859,68,27.5,8.4,5.5,5.5
1642274,Yves,Missi,1610612740,NOP,Pelicans,New Orleans,191118,-6.6852461538,-6.9812891,8143,-3.2333384615,-4.8889076,87516,-5.7872923076,-6.2021095,8037,-9.0529384615,-7.9931729,87422,-10.8112923076,-11.046651,65,19.7,5.7,5.9,1.3
1642345,Oso,Ighodaro,1610612756,PHX,Suns,Phoenix,256453,-7.0277560975,-7.2258307,29814,-6.2740609756,-8.0152417,77974,-4.4736951219,-5.2980536,9631,-22.274707317,-22.2187085,139034,-19.1474512195,-19.2181043,82,22.1,6.5,5.1,2.3
1628436,Luke,Kornet,1610612759,SAS,Spurs,San Antonio,193437,-7.0452388059,-7.349986,10590,-8.933402985,-7.5887321,56391,-6.3219402985,-6.5227758,7136,-7.6665970149,-9.8794585,119320,-9.1231194029,-9.8749546,67,21.0,6.5,6.1,1.9
202685,Jonas,Valančiūnas,1610612743,DEN,Nuggets,Denver,136988,-7.81096875,-7.374738,11911,-3.721890625,-2.2856791,50524,-4.31196875,-4.019142,13565,-16.10253125,-17.4890524,60988,-12.748671875,-11.7001442,64,13.5,8.8,5.1,1.2
1630579,Jericho,Sims,1610612749,MIL,Bucks,Milwaukee,189454,-7.112078125,-7.7457459,10704,-1.666109375,-6.3472617,63873,-4.618859375,-5.1190114,5145,-9.409703125,-11.8726835,109732,-11.646625,-12.7860344,64,20.1,5.1,5.6,1.6
1641750,Ryan,Kalkbrenner,1610612766,CHA,Hornets,Charlotte,229757,-8.8923188405,-7.9531514,11977,-6.364115942,-4.7122523,57285,-4.9836231884,-4.1188392,4618,-10.7406086956,-5.3524666,155877,-12.9261304347,-10.5422903,69,21.4,7.6,5.5,0.8
203083,Andre,Drummond,1610612755,PHI,76ers,Philadelphia,174362,-7.6319838709,-8.2723146,6578,-10.3919838709,-13.3817946,61293,-6.8911935483,-7.2735038,5218,-11.2603387096,-10.1204632,101273,-14.4288387096,-13.3108637,62,19.8,6.5,8.5,1.3
1631217,Moussa,Diabaté,1610612766,CHA,Hornets,Charlotte,296905,-8.2798767123,-8.3880797,17645,-10.3942328767,-13.1843805,76572,-5.7238767123,-6.8489864,13198,-10.4404657534,-9.8678149,189490,-13.6116027397,-13.3919033,73,26.0,7.9,8.7,1.9
1629674,Neemias,Queta,1610612738,BOS,Celtics,Boston,293593,-9.0410526315,-8.8388316,16485,-2.8008552631,-3.4599013,117452,-5.584868421,-5.2666099,9951,-14.7050394736,-17.453633,149705,-15.0291973684,-14.7203006,76,25.4,10.2,8.4,1.7
1631109,Mark,Williams,1610612756,PHX,Suns,Phoenix,202071,-9.5490666666,-9.3520431,10375,-3.3063166666,-2.8583362,65915,-5.8999833333,-5.7204573,7565,-17.6763166666,-18.0105017,118216,-17.2378166666,-16.191467,60,23.6,11.7,8.0,1.0
203497,Rudy,Gobert,1610612750,MIN,Timberwolves,Minnesota,315185,-9.7568,-9.5005963,12565,-5.8476,-5.3718428,118561,-9.2472266666,-8.7712328,8960,-13.6343066666,-11.9312534,175099,-13.8302933333,-13.351514,75,31.3,11.0,11.5,1.7
203939,Dwight,Powell,1610612742,DAL,Mavericks,Dallas,116084,-10.27315,-10.2246468,6320,-12.9291166666,-14.7009715,40101,-6.9768833333,-7.3283747,3697,-9.7823666666,-15.3045163,65966,-13.9263666666,-11.4244804,60,14.5,3.4,4.1,1.1
