Player,Team,Number,Position,Height,Weight,Last Attended,Country
"Precious
Achiuwa",SAC,9,F,6-8,243 lbs,Memphis,Nigeria
"Darius
Acuff Jr.",SAC,5,G,6-2,190 lbs,Arkansas,USA
"Steven
Adams",HOU,12,C,6-11,265 lbs,Pittsburgh,New Zealand
"Bam
Adebayo",MIA,13,C-F,6-9,255 lbs,Kentucky,USA
"Michael
Ajayi",CHA,,G,6-7,235 lbs,Butler,USA
"Santi
Aldama",DAL,34,F-C,7-0,215 lbs,Loyola-Maryland,Spain
"Trey
Alexander",UTA,23,G,6-5,185 lbs,Creighton,USA
"Nickeil
Alexander-Walker",ATL,7,G,6-5,205 lbs,Virginia Tech,Canada
"Grayson
Allen",CHA,8,G,6-3,198 lbs,Duke,USA
"Jarrett
Allen",CLE,31,C,6-9,243 lbs,Texas,USA
"Jose
Alvarado",NYK,5,G,6-0,179 lbs,Georgia Tech,USA
"Nate
Ament",MIL,,F,6-10,207 lbs,Tennessee,USA
"Christian
Anderson",CHA,5,G,6-0,165 lbs,Texas Tech,USA
"Kyle
Anderson",TOR,12,F-G,6-8,230 lbs,UCLA,USA
"Giannis
Antetokounmpo",MIA,7,F,6-11,243 lbs,Filathlitikos,Greece
"OG
Anunoby",NYK,8,F-G,6-7,240 lbs,Indiana,United Kingdom
"Deni
Avdija",POR,8,F,6-8,228 lbs,Maccabi Tel Aviv,Israel
"Tobe
Awaka",CHI,,F,6-8,250 lbs,Arizona,USA
"Deandre
Ayton",WAS,5,C,7-0,252 lbs,Arizona,Bahamas
"Marvin
Bagley III",DEN,35,F,6-10,235 lbs,Duke,USA
"Ace
Bailey",UTA,19,F,6-9,200 lbs,Rutgers,USA
"William
Baker",ATL,,C,6-11,240 lbs,Louisiana State,USA
"LaMelo
Ball",MIN,1,G,6-7,180 lbs,Illawarra,USA
"Mo
Bamba",UTA,11,C,7-0,231 lbs,Texas,USA
"Paolo
Banchero",ORL,5,F,6-10,250 lbs,Duke,USA
"Desmond
Bane",ORL,3,G,6-6,215 lbs,TCU,USA
"Dominick
Barlow",PHI,25,F,6-9,224 lbs,Overtime Elite,USA
"Harrison
Barnes",SAS,40,F,6-7,225 lbs,North Carolina,USA
"Scottie
Barnes",TOR,4,F-G,6-8,237 lbs,Florida State,USA
"Brooks
Barnhizer",OKC,23,G,6-5,230 lbs,Northwestern,USA
"RJ
Barrett",TOR,9,F-G,6-6,214 lbs,Duke,Canada
"Charles
Bassey",GSW,28,C-F,6-10,230 lbs,Western Kentucky,Nigeria
"Tamar
Bates",UTA,7,G,6-4,195 lbs,Missouri,USA
"Jamison
Battle",TOR,77,F,6-7,220 lbs,Ohio State,USA
"Nicolas
Batum",LAC,33,G-F,6-7,230 lbs,Le Mans,France
"Bradley
Beal",LAC,0,G,6-4,207 lbs,Florida,USA
"MarJon
Beauchamp",PHI,16,F,6-7,199 lbs,NBA G League Ignite,USA
"Joan
Beringer",MIN,19,F,6-11,230 lbs,Cedevita Olimpija (Slovenia),France
"Saddiq
Bey",NOP,41,G-F,6-8,215 lbs,Villanova,USA
"Tarik
Biberovic",DAL,,F,6-7,218 lbs,,Bosnia and Herzegovina
"Tyler
Bilodeau",BKN,34,F,6-9,230 lbs,UCLA,USA
"Goga
Bitadze",ORL,35,C-F,6-11,250 lbs,Mega Basket,Georgia
"Nate
Bittle",TOR,,C,7-0,215 lbs,Oregon,USA
"Anthony
Black",ORL,0,G,6-7,200 lbs,Arkansas,USA
"Bogdan
Bogdanović",HOU,31,G,6-5,225 lbs,Fenerbahce,Serbia
"Adem
Bona",PHI,30,F,6-10,235 lbs,UCLA,Nigeria
"Devin
Booker",PHX,15,G,6-5,206 lbs,Kentucky,USA
"Cameron
Boozer",MEM,27,F,6-10,250 lbs,Duke,USA
"Kylan
Boswell",CHA,,G,6-2,200 lbs,Illinois,USA
"Jamaree
Bouyea",PHX,17,G,6-2,180 lbs,San Francisco,USA
"Jaden
Bradley",TOR,,G,6-3,200 lbs,Arizona,USA
"Tony
Bradley",ATL,13,C-F,6-10,248 lbs,North Carolina,USA
"Malaki
Branham",ORL,8,F,6-4,180 lbs,Ohio State,USA
"Christian
Braun",DEN,0,G,6-6,220 lbs,Kansas,USA
"Trevon
Brazile",DEN,,F,6-10,220 lbs,Arkansas,USA
"Koby
Brea",PHX,14,G,6-5,215 lbs,Kentucky,USA
"Mikal
Bridges",NYK,25,G-F,6-6,209 lbs,Villanova,USA
"Miles
Bridges",PHX,0,F,6-7,225 lbs,Michigan State,USA
"Dillon
Brooks",PHX,3,G-F,6-7,225 lbs,Oregon,Canada
"Keion
Brooks Jr.",IND,,F,6-7,210 lbs,Washington,USA
"Johni
Broome",LAC,22,F,6-9,244 lbs,Auburn,USA
"Bruce
Brown",DEN,11,G-F,6-4,202 lbs,Miami,USA
"Jaylen
Brown",PHI,7,G-F,6-6,223 lbs,California,USA
"Kobe
Brown",IND,24,F,6-7,250 lbs,Missouri,USA
"Maliq
Brown",SAS,,F,6-9,225 lbs,Duke,USA
"Mikel
Brown Jr.",BKN,0,G,6-5,190 lbs,Louisville,USA
"Jalen
Brunson",NYK,11,G,6-2,190 lbs,Villanova,USA
"Carter
Bryant",SAS,11,F,6-6,220 lbs,Arizona,USA
"Thomas
Bryant",CLE,3,C-F,6-9,248 lbs,Indiana,USA
"Kobe
Bufkin",NOP,4,G,6-4,195 lbs,Michigan,USA
"Brayden
Burries",MIL,0,G,6-4,205 lbs,Arizona,USA
"Jimmy
Butler III",GSW,10,F,6-6,230 lbs,Marquette,USA
"John
Butler Jr.",MIL,19,F,7-0,220 lbs,Florida State,USA
"Matas
Buzelis",CHI,14,F,6-8,196 lbs,NBA G League Ignite,USA
"Jamal
Cain",ORL,8,F,6-7,191 lbs,Oakland,USA
"Kentavious
Caldwell-Pope",PHI,3,G,6-5,204 lbs,Georgia,USA
"Toumani
Camara",POR,33,F,6-7,230 lbs,Dayton,Belgium
"Clint
Capela",HOU,30,C,6-10,256 lbs,Elan Chalon,Switzerland
"Dylan
Cardwell",SAC,32,C,6-10,255 lbs,Auburn,USA
"Branden
Carlson",POR,15,C,7-0,220 lbs,Utah,USA
"Cameron
Carr",LAL,43,G,6-5,175 lbs,Baylor,USA
"Bub
Carrington",WAS,7,G,6-4,190 lbs,Pittsburgh,USA
"Devin
Carter",BOS,22,G,6-2,195 lbs,Providence,USA
"Jevon
Carter",ORL,2,G,6-0,190 lbs,West Virginia,USA
"Wendell
Carter Jr.",ORL,34,C-F,6-10,270 lbs,Duke,USA
"Alex
Caruso",OKC,9,G,6-5,186 lbs,Texas A&M,USA
"Stephon
Castle",SAS,5,G,6-6,215 lbs,Connecticut,USA
"Colin
Castleton",ORL,14,C,6-10,250 lbs,Florida,USA
"Rafael
Castro",HOU,,C,6-11,220 lbs,George Washington,USA
"Chris
Cenac Jr.",BOS,12,F,6-11,240 lbs,Houston,USA
"Julian
Champagnie",SAS,30,F,6-7,217 lbs,St. John's,USA
"Justin
Champagnie",WAS,9,G-F,6-6,206 lbs,Pittsburgh,USA
"Cam
Christie",LAC,24,G,6-5,190 lbs,Minnesota,USA
"Max
Christie",DAL,0,G,6-5,190 lbs,Michigan State,USA
"Moussa
Cisse",DAL,30,C,6-11,220 lbs,Memphis,Guinea
"Sidy
Cissoko",POR,91,G,6-6,220 lbs,NBA G League Ignite,France
"Jaylen
Clark",MIN,7,G,6-5,205 lbs,UCLA,USA
"Jordan
Clarkson",NYK,0,G,6-5,194 lbs,Missouri,USA
"Nic
Claxton",CHI,9,C,6-11,215 lbs,Georgia,USA
"Walter
Clayton Jr.",MEM,4,G,6-4,195 lbs,Florida,USA
"Nique
Clifford",SAC,10,G,6-5,175 lbs,Colorado State,USA
"Donovan
Clingan",POR,23,C,7-2,280 lbs,Connecticut,USA
"Noah
Clowney",BKN,21,F-C,6-10,210 lbs,Alabama,USA
"Amir
Coffey",PHX,2,G-F,6-7,210 lbs,Minnesota,USA
"Isaiah
Collier",UTA,8,G,6-4,210 lbs,Southern California,USA
"John
Collins",DET,20,F-C,6-9,226 lbs,Wake Forest,USA
"Zach
Collins",CHI,12,F-C,6-9,240 lbs,Gonzaga,USA
"Mike
Conley",BOS,44,G,6-1,175 lbs,Ohio State,USA
"Pat
Connaughton",CHA,21,G,6-5,209 lbs,Notre Dame,USA
"Ryan
Conwell",MIA,4,G,6-4,215 lbs,Louisville,USA
"Sharife
Cooper",WAS,13,G,6-0,176 lbs,Auburn,USA
"Quadir
Copeland",HOU,,G,6-6,203 lbs,North Carolina State,USA
"Bilal
Coulibaly",WAS,0,G,6-7,195 lbs,Metropolitans 92,France
"Cedric
Coward",MEM,23,G,6-5,206 lbs,Washington State,USA
"Isaiah
Crawford",HOU,27,F,6-6,220 lbs,Louisiana Tech,USA
"LJ
Cryer",GSW,18,G,6-0,,Houston,USA
"Cade
Cunningham",DET,2,G,6-6,220 lbs,Oklahoma State,USA
"Seth
Curry",GSW,31,G,6-1,185 lbs,Duke,USA
"Stephen
Curry",GSW,30,G,6-2,185 lbs,Davidson,USA
"Tristan
da Silva",ORL,23,F,6-8,217 lbs,Colorado,Germany
"Pacôme
Dadiet",NYK,4,F,6-9,210 lbs,Ratiopharm Ulm,France
"Dyson
Daniels",ATL,5,G,6-7,199 lbs,NBA G League Ignite,Australia
"Anthony
Davis",WAS,23,F-C,6-10,253 lbs,Kentucky,USA
"JD
Davison",ORL,4,G,6-1,195 lbs,Alabama,USA
"Sergio
de Larrea",DAL,55,G,6-5,175 lbs,"Valencia, Spain",Spain
"Egor
Dëmin",BKN,8,G,6-8,200 lbs,Brigham Young,Russia
"RayJ
Dennis",ATL,0,G,6-1,180 lbs,Baylor,USA
"DeMar
DeRozan",DEN,10,G-F,6-6,220 lbs,Southern California,USA
"Tucker
DeVries",BOS,,,,,Indiana,
"Malik
Dia",NOP,8,F,6-9,250 lbs,Mississippi,USA
"Moussa
Diabaté",CHA,14,F,6-10,210 lbs,Michigan,France
"Alpha
Diallo",DEN,,,,,-,
"Mohamed
Diawara",NYK,51,F,6-9,225 lbs,Paris Basketball,France
"Gradey
Dick",LAC,1,G-F,6-7,200 lbs,Kansas,USA
"Ousmane
Dieng",MIL,21,F,6-9,185 lbs,New Zealand Breakers,France
"Rob
Dillingham",CHI,7,G,6-2,175 lbs,Kentucky,USA
"Khalifa
Diop",CLE,18,C,6-11,231 lbs,CB Gran Canaria,Senegal
"Donte
DiVincenzo",MIN,0,G,6-4,203 lbs,Villanova,USA
"Josh
Dix",OKC,,,,,Creighton,
"Tre
Donaldson",MIA,24,G,6-3,195 lbs,Miami,USA
"Luka
Dončić",LAL,77,F-G,6-8,230 lbs,Real Madrid,Slovenia
"Luguentz
Dort",ATL,5,G,6-4,220 lbs,Arizona State,Canada
"Ayo
Dosunmu",MIN,13,G,6-4,201 lbs,Illinois,USA
"Andre
Drummond",NYK,0,C,6-11,279 lbs,Connecticut,USA
"Kris
Dunn",LAC,8,G,6-3,205 lbs,Providence,USA
"Ryan
Dunn",PHX,0,F,6-7,216 lbs,Virginia,USA
"Kevin
Durant",HOU,7,F,6-11,240 lbs,Texas,USA
"Jalen
Duren",DET,0,C,6-10,250 lbs,Memphis,USA
"AJ
Dybantsa",WAS,4,F,6-9,210 lbs,Brigham Young,USA
"Tari
Eason",HOU,17,F,6-8,215 lbs,Louisiana State,USA
"Zach
Edey",MEM,14,C,7-3,305 lbs,Purdue,Canada
"VJ
Edgecombe",PHI,77,G,6-4,190 lbs,Baylor,USA
"Anthony
Edwards",MIN,5,G,6-4,225 lbs,Georgia,USA
"Justin
Edwards",PHI,11,F,6-7,217 lbs,Kentucky,USA
"Zuby
Ejiofor",ATL,20,F,6-9,240 lbs,St. John's,USA
"Keon
Ellis",BKN,14,G,6-4,175 lbs,Alabama,USA
"Joel
Embiid",PHI,21,C-F,7-0,270 lbs,Kansas,Cameroon
"Tristan
Enaruna",CLE,21,F,6-7,220 lbs,Cleveland State,Netherlands
"Noa
Essengue",CHI,24,F,6-8,194 lbs,Ratiopharm Ulm (Germany),France
"Isaiah
Evans",MIN,33,F,6-6,175 lbs,Duke,USA
"Tacko
Fall",PHI,99,C,7-6,311 lbs,Central Florida,Senegal
"Jeremiah
Fears",NOP,0,G,6-3,190 lbs,Oklahoma,USA
"Kyle
Filipowski",UTA,2,C,6-11,250 lbs,Duke,USA
"Dorian
Finney-Smith",CHA,2,F,6-7,220 lbs,Florida,USA
"Cooper
Flagg",DAL,32,F,6-9,205 lbs,Duke,USA
"Adam
Flagler",SAC,14,G,6-1,180 lbs,Baylor,USA
"Rasheer
Fleming",PHX,20,F,6-9,240 lbs,St. Joseph's (PA),USA
"Kingston
Flemings",ATL,4,G,6-4,190 lbs,Houston,USA
"Simone
Fontecchio",MIA,0,F,6-7,209 lbs,Baskonia,Italy
"De'Aaron
Fox",SAS,4,G,6-3,185 lbs,Kentucky,USA
"Enrique
Freeman",MIN,25,F,6-9,220 lbs,Akron,USA
"Johnny
Furphy",IND,12,G,6-8,200 lbs,Kansas,Australia
"Daniel
Gafford",DAL,21,F-C,6-10,265 lbs,Arkansas,USA
"Myron
Gardner",MIA,15,F,6-5,220 lbs,Arkansas-Little Rock,USA
"Darius
Garland",LAC,10,G,6-1,192 lbs,Vanderbilt,USA
"Luka
Garza",BOS,52,C,6-10,243 lbs,Iowa,USA
"Keyonte
George",UTA,3,G,6-4,185 lbs,Baylor,USA
"Kyshawn
George",WAS,18,F,6-8,200 lbs,Miami,Switzerland
"Paul
George",BOS,8,F,6-8,230 lbs,Fresno State,USA
"Josh
Giddey",CHI,3,G,6-7,214 lbs,NBA Global Academy,Australia
"Keshon
Gilbert",ATL,,G,6-4,200 lbs,Iowa State,USA
"Shai
Gilgeous-Alexander",OKC,2,G,6-6,195 lbs,Kentucky,Canada
"Anthony
Gill",WAS,16,F,6-7,230 lbs,Virginia,USA
"Collin
Gillespie",PHX,12,G,6-1,195 lbs,Villanova,USA
"Ja'Kobi
Gillespie",SAS,,G,6-1,186 lbs,Tennessee,USA
"Rudy
Gobert",MIN,27,C,7-1,258 lbs,Cholet,France
"Vladislav
Goldin",MIA,50,C,7-0,250 lbs,Michigan,Russia
"Hugo
González",BOS,28,G,6-6,200 lbs,Spain,Spain
"Jordan
Goodwin",PHX,23,G,6-3,215 lbs,St. Louis,USA
"Aaron
Gordon",DEN,32,F,6-8,235 lbs,Arizona,USA
"Jerami
Grant",MEM,9,F,6-7,213 lbs,Syracuse,USA
"Allen
Graves",TOR,22,F,6-9,225 lbs,Santa Clara,USA
"Hayden
Gray",UTA,,G,6-4,190 lbs,California-San Diego,USA
"AJ
Green",MIL,20,G,6-4,190 lbs,Northern Iowa,USA
"Draymond
Green",GSW,23,F,6-6,230 lbs,Michigan State,USA
"Jalen
Green",PHX,4,G,6-4,186 lbs,NBA G League Ignite,USA
"Javonte
Green",DET,31,G,6-5,205 lbs,Radford,USA
"Jeff
Green",HOU,32,F,6-8,235 lbs,Georgetown,USA
"Josh
Green",UTA,10,G,6-6,200 lbs,Arizona,Australia
"Caleb
Grill",BOS,,G,6-3,205 lbs,Missouri,USA
"Quentin
Grimes",LAL,5,G,6-5,207 lbs,Houston,USA
"Mouhamed
Gueye",ATL,18,F,6-11,210 lbs,Washington State,Senegal
"Rui
Hachimura",LAC,28,F,6-8,230 lbs,Gonzaga,Japan
"J'Vonne
Hadley",MIA,,,,,Louisville,
"Tyrese
Haliburton",IND,0,G,6-5,185 lbs,Iowa State,USA
"PJ
Hall",CHA,16,C,6-8,245 lbs,Clemson,USA
"Yang
Hansen",POR,16,C,7-1,270 lbs,Zibo,China
"Tim
Hardaway Jr.",MIA,10,G-F,6-5,205 lbs,Michigan,USA
"James
Harden",CLE,1,G,6-5,220 lbs,Arizona State,USA
"Jaden
Hardy",LAL,7,G,6-3,198 lbs,NBA G League Ignite,USA
"Elijah
Harkless",DET,16,G,6-3,195 lbs,UNLV,USA
"Dylan
Harper",SAS,2,G,6-5,215 lbs,Rutgers,USA
"Ron
Harper Jr.",BOS,13,G-F,6-5,233 lbs,Rutgers,USA
"Gary
Harris",DET,11,G,6-4,210 lbs,Michigan State,USA
"Tobias
Harris",SAS,23,F,6-8,226 lbs,Tennessee,USA
"Josh
Hart",NYK,3,G,6-5,215 lbs,Villanova,USA
"Isaiah
Hartenstein",OKC,55,C-F,7-0,250 lbs,Zalgiris,Germany
"Sam
Hauser",BOS,30,F,6-7,217 lbs,Virginia,USA
"Jordan
Hawkins",MEM,24,G,6-5,190 lbs,Connecticut,USA
"Jaxson
Hayes",UTA,11,C-F,7-0,220 lbs,Texas,USA
"Scoot
Henderson",POR,0,G,6-3,207 lbs,NBA G League Ignite,USA
"Taylor
Hendricks",MEM,22,F,6-9,215 lbs,Central Florida,USA
"Chucky
Hepburn",TOR,24,G,6-0,190 lbs,Louisville,USA
"Tyler
Herro",MIL,11,G,6-5,195 lbs,Kentucky,USA
"Mario
Hezonja",CLE,33,F-G,6-8,220 lbs,FC Barcelona,Croatia
"Buddy
Hield",ATL,8,G,6-4,220 lbs,Oklahoma,Bahamas
"Haywood
Highsmith",PHX,7,F,6-5,220 lbs,Wheeling Jesuit,USA
"Cameron
Hildreth",IND,,G,6-4,195 lbs,Wake Forest,United Kingdom
"Blake
Hinson",UTA,2,F,6-8,230 lbs,Pittsburgh,USA
"Aaron
Holiday",HOU,0,G,6-0,185 lbs,UCLA,USA
"Jrue
Holiday",POR,5,G,6-4,220 lbs,UCLA,USA
"Ronald
Holland II",DET,5,F,6-8,206 lbs,NBA G League Ignite,USA
"DaRon
Holmes II",DEN,14,F,6-9,225 lbs,Dayton,USA
"Chet
Holmgren",OKC,7,C-F,7-1,208 lbs,Gonzaga,USA
"Bryce
Hopkins",DEN,,,,,St. John's,
"Al
Horford",GSW,20,C-F,6-8,240 lbs,Florida,Dominican Republic
"Caleb
Houstan",NOP,33,G,6-8,205 lbs,Michigan,Canada
"Jett
Howard",DAL,13,G,6-8,215 lbs,Michigan,USA
"Kevin
Huerter",DET,27,G-F,6-6,190 lbs,Maryland,USA
"Jay
Huff",IND,32,C,7-1,240 lbs,Virginia,USA
"Ariel
Hukporti",PHI,55,C,7-0,246 lbs,Riesen Ludwigsburg,Germany
"De'Andre
Hunter",SAC,15,F-G,6-7,221 lbs,Virginia,USA
"CJ
Huntley",PHX,22,F,6-11,230 lbs,Appalachian State,USA
"Bones
Hyland",MIN,8,G,6-2,169 lbs,Virginia Commonwealth,USA
"Oso
Ighodaro",PHX,11,F,6-11,235 lbs,Marquette,USA
"Brandon
Ingram",LAC,3,F,6-8,190 lbs,Duke,USA
"Harrison
Ingram",UTA,55,F,6-5,230 lbs,North Carolina,USA
"M.J.
Iraldi",IND,,F,6-6,190 lbs,Nova Southeastern,USA
"Kyrie
Irving",DAL,11,G,6-2,195 lbs,Duke,Australia
"Jonathan
Isaac",ORL,1,F,6-10,230 lbs,Florida State,USA
"Vsevolod
Ishchenko",DAL,,G,6-3,,-,Russia
"GG
Jackson",MEM,45,F,6-9,210 lbs,South Carolina,USA
"Isaiah
Jackson",LAC,23,F,6-8,205 lbs,Kentucky,USA
"Quenton
Jackson",IND,29,G,6-4,173 lbs,Texas A&M,USA
"Andre
Jackson Jr.",TOR,44,G,6-6,209 lbs,Connecticut,USA
"Jaren
Jackson Jr.",UTA,20,F-C,6-10,242 lbs,Michigan State,USA
"Trayce
Jackson-Davis",TOR,32,F,6-9,245 lbs,Indiana,USA
"Kasparas
Jakučionis",MIL,25,G,6-5,200 lbs,Illinois-Urbana-Champaign,Lithuania
"Bronny
James",LAL,9,G,6-2,210 lbs,Southern California,USA
"LeBron
James",PHI,23,F,6-9,250 lbs,St. Vincent-St. Mary HS (OH),USA
"Sion
James",CHA,4,G,6-5,220 lbs,Duke,USA
"Jaime
Jaquez Jr.",MIL,24,G,6-6,225 lbs,UCLA,USA
"Joshua
Jefferson",BKN,9,F,6-9,240 lbs,Iowa State,USA
"Trey
Jemison III",TOR,50,C,6-10,270 lbs,Alabama-Birmingham,USA
"Daniss
Jenkins",DET,24,G,6-4,165 lbs,St. John's,USA
"Ty
Jerome",MEM,2,G-F,6-5,195 lbs,Virginia,USA
"Isaiah
Joe",DET,11,G,6-4,165 lbs,Arkansas,USA
"AJ
Johnson",NOP,8,G,6-5,160 lbs,Illawarra,USA
"Cameron
Johnson",DEN,23,F,6-8,210 lbs,North Carolina,USA
"Chaney
Johnson",BKN,31,G-F,6-7,220 lbs,Auburn,USA
"Jalen
Johnson",ATL,1,F,6-8,219 lbs,Duke,USA
"Keldon
Johnson",SAS,3,F-G,6-6,220 lbs,Kentucky,USA
"Keshad
Johnson",MIA,16,F,6-6,225 lbs,Arizona,USA
"Morez
Johnson",DAL,14,F,6-9,250 lbs,Michigan,USA
"Tre
Johnson",WAS,12,G,6-5,190 lbs,Texas,USA
"Nikola
Jokić",DEN,15,C,6-11,284 lbs,Mega Basket,Serbia
"Curtis
Jones",DEN,1,G,6-3,195 lbs,Iowa State,USA
"Dillon
Jones",PHI,,F,6-5,235 lbs,Weber State,USA
"Herbert
Jones",NOP,2,F,6-7,206 lbs,Alabama,USA
"Isaac
Jones",DET,3,F,6-8,245 lbs,Washington State,USA
"Kam
Jones",MIL,7,G,6-4,200 lbs,Marquette,USA
"Lajae
Jones",GSW,25,G-F,6-7,220 lbs,Florida State,
"Spencer
Jones",DEN,21,F,6-7,225 lbs,Stanford,USA
"Tre
Jones",CHI,30,G,6-1,190 lbs,Duke,USA
"Tyus
Jones",DEN,5,G,6-0,196 lbs,Duke,USA
"David
Jones Garcia",SAS,25,G,6-4,210 lbs,Memphis,Dominican Republic
"Derrick
Jones Jr.",LAC,5,F,6-6,210 lbs,UNLV,USA
"DeAndre
Jordan",NOP,6,C,6-11,265 lbs,Texas A&M,USA
"Nikola
Jović",MIA,5,F,6-10,205 lbs,Mega Basket,Serbia
"Ryan
Kalkbrenner",CHA,11,C,7-1,256 lbs,Creighton,USA
"Arthur
Kaluma",LAL,,F,6-7,225 lbs,Texas,Uganda
"Alex
Karaban",SAC,33,F,6-8,220 lbs,Connecticut,USA
"Trey
Kaufman-Renn",MIN,14,F,6-9,230 lbs,Purdue,USA
"Yuki
Kawamura",LAC,8,G,5-7,159 lbs,Japan,Japan
"Jack
Kayil",NYK,,G,6-3,174 lbs,-,Germany
"Trevor
Keels",MIA,3,G,6-3,215 lbs,Duke,USA
"Luke
Kennard",PHX,10,G,6-5,206 lbs,Duke,USA
"Jayson
Kent",POR,,F,6-8,215 lbs,Texas,USA
"Walker
Kessler",LAL,14,C,7-2,245 lbs,Auburn,USA
"Corey
Kispert",ATL,24,F,6-6,224 lbs,Gonzaga,USA
"Dalton
Knecht",LAL,4,F,6-6,215 lbs,Tennessee,USA
"Kon
Knueppel",CHA,7,G-F,6-6,215 lbs,Duke,USA
"Tyler
Kolek",NYK,13,G,6-2,195 lbs,Marquette,USA
"Christian
Koloko",NOP,35,C,6-11,225 lbs,Arizona,Cameroon
"Luke
Kornet",SAS,7,C-F,7-1,250 lbs,Vanderbilt,USA
"Vít
Krejčí",POR,27,G,6-8,195 lbs,Zaragoza,Czech Republic
"Jonathan
Kuminga",MIN,0,F,6-7,225 lbs,NBA G League Ignite,DRC
"Kyle
Kuzma",MIL,18,F,6-8,221 lbs,Utah,USA
"Jock
Landale",ATL,31,C,6-11,255 lbs,St. Mary's,Australia
"Chaz
Lanier",DET,20,G,6-3,206 lbs,Tennessee,USA
"Jake
LaRavia",LAL,12,F,6-7,235 lbs,Wake Forest,USA
"Pelle
Larsson",MIA,9,G,6-5,215 lbs,Arizona,Sweden
"Zach
LaVine",SAC,8,G,6-5,200 lbs,UCLA,USA
"Tobi
Lawal",DAL,33,F,6-8,215 lbs,Virginia Tech,United Kingdom
"A.J.
Lawson",TOR,0,G,6-6,179 lbs,South Carolina,Canada
"Yaxel
Lendeborg",GSW,1,F,6-9,250 lbs,Alabama-Birmingham,USA
"Kawhi
Leonard",TOR,2,F,6-6,225 lbs,San Diego State,USA
"Malevy
Leons",GSW,33,F,6-9,210 lbs,Bradley,Netherlands
"Caris
LeVert",MIL,8,G,6-7,205 lbs,Michigan,USA
"Malique
Lewis",MIL,,F,6-8,195 lbs,-,Trinidad and Tobago
"Damian
Lillard",POR,0,G,6-2,200 lbs,Weber State,USA
"Dereck
Lively II",DAL,2,C,7-1,230 lbs,Duke,USA
"Isaiah
Livers",PHX,18,F,6-6,232 lbs,Michigan,USA
"Kevon
Looney",LAL,55,F,6-9,222 lbs,UCLA,USA
"Brook
Lopez",LAC,11,C,7-1,282 lbs,Stanford,USA
"Karim
Lopez",MEM,35,F,6-8,210 lbs,-,Mexico
"Caleb
Love",PHI,2,G,6-3,212 lbs,Arizona,USA
"Kevin
Love",UTA,42,F-C,6-10,251 lbs,UCLA,USA
"Kyle
Lowry",PHI,7,G,6-0,196 lbs,Villanova,USA
"Trey
Lyles",MIN,41,F,6-9,234 lbs,Kentucky,Canada
"Khaman
Maluach",PHX,10,C,7-1,250 lbs,Duke,South Sudan
"Sandro
Mamukelashvili",LAL,54,F-C,6-9,240 lbs,Seton Hall,Georgia
"Terance
Mann",BKN,14,G-F,6-6,215 lbs,Florida State,USA
"Tre
Mann",WAS,23,G,6-4,178 lbs,Florida,USA
"Chris
Mañon",LAL,30,G,6-4,209 lbs,Vanderbilt,USA
"Aday
Mara",OKC,15,C,7-2,255 lbs,Michigan,Spain
"Lauri
Markkanen",UTA,23,F-C,7-1,240 lbs,Arizona,Finland
"Bogoljub
Marković",MIL,23,F,6-11,210 lbs,Serbia,Serbia
"Naji
Marshall",DAL,3,F,6-6,220 lbs,Xavier,USA
"Alijah
Martin",TOR,55,G,6-2,210 lbs,Florida,USA
"Caleb
Martin",DAL,16,F,6-5,205 lbs,Nevada,USA
"Tyrese
Martin",PHI,23,F,6-6,215 lbs,Connecticut,USA
"Nick
Martinelli",LAC,,F,6-7,220 lbs,Northwestern,USA
"Jahmai
Mashack",MEM,,G,6-4,203 lbs,Tennessee,USA
"Bennedict
Mathurin",NOP,9,G-F,6-5,210 lbs,Arizona,Canada
"Karlo
Matković",NOP,17,F-C,6-10,231 lbs,Mega Basket,Bosnia and Herzegovina
"Tyrese
Maxey",PHI,0,G,6-2,200 lbs,Kentucky,USA
"Bez
Mbeng",CHA,21,G,6-4,185 lbs,Yale,USA
"Miles
McBride",NYK,2,G,6-2,195 lbs,West Virginia,USA
"Jared
McCain",OKC,3,G,6-3,195 lbs,Duke,USA
"CJ
McCollum",ATL,3,G,6-3,190 lbs,Lehigh,USA
"T.J.
McConnell",IND,9,G,6-1,190 lbs,Arizona,USA
"Kevin
McCullar Jr.",NYK,9,G,6-6,210 lbs,Kansas,USA
"Jaden
McDaniels",MIN,3,F,6-9,185 lbs,Washington,USA
"Bryce
McGowens",NOP,11,G,6-6,190 lbs,Nebraska,USA
"Jordan
McLaughlin",SAS,0,G,5-11,185 lbs,Southern California,USA
"Liam
McNeeley",CHA,33,F,6-7,210 lbs,Connecticut,USA
"De'Anthony
Melton",GSW,8,G,6-2,200 lbs,Southern California,USA
"Sam
Merrill",CLE,5,G,6-4,205 lbs,Utah State,USA
"Khris
Middleton",WAS,20,F,6-7,222 lbs,Texas A&M,USA
"Duke
Miles",PHI,,G,6-2,175 lbs,Vanderbilt,USA
"Baba
Miller",LAC,,F,6-11,204 lbs,Cincinnati,Spain
"Brandon
Miller",CHA,24,F,6-7,200 lbs,Alabama,USA
"Jordan
Miller",LAC,22,G,6-5,194 lbs,Miami,USA
"Leonard
Miller",CHI,11,F,6-10,220 lbs,NBA G League Ignite,Canada
"Riley
Minix",CLE,12,F,6-7,230 lbs,Morehead State,USA
"Josh
Minott",BKN,0,F,6-8,205 lbs,Memphis,USA
"Yves
Missi",NOP,21,C,6-11,235 lbs,Baylor,Cameroon
"Ajay
Mitchell",OKC,25,G,6-4,190 lbs,California-Santa Barbara,Belgium
"Davion
Mitchell",MIA,2,G,6-0,202 lbs,Baylor,USA
"Dillon
Mitchell",BOS,,F,6-8,205 lbs,St. John's,USA
"Donovan
Mitchell",CLE,45,G,6-2,215 lbs,Louisville,USA
"Evan
Mobley",CLE,4,C,6-11,215 lbs,Southern California,USA
"Jonathan
Mogbo",SAC,2,F,6-9,225 lbs,San Francisco,USA
"Malik
Monk",SAC,0,G,6-3,200 lbs,Kentucky,USA
"Moses
Moody",GSW,4,G,6-5,211 lbs,Arkansas,USA
"Wendell
Moore Jr.",DET,14,G,6-5,215 lbs,Duke,USA
"Alex
Morales",ORL,30,G,6-6,210 lbs,Wagner,USA
"Ja
Morant",POR,12,G,6-2,174 lbs,Murray State,USA
"Trey
Murphy III",NOP,25,F,6-8,206 lbs,Virginia,USA
"Dejounte
Murray",NOP,5,G,6-4,180 lbs,Washington,USA
"Jamal
Murray",DEN,27,G,6-4,215 lbs,Kentucky,Canada
"Keegan
Murray",SAC,13,F,6-8,225 lbs,Iowa,USA
"Kris
Murray",MEM,24,F,6-8,218 lbs,Iowa,USA
"Collin
Murray-Boyles",TOR,30,F,6-7,245 lbs,South Carolina,USA
"Svi
Mykhailiuk",UTA,10,G-F,6-7,205 lbs,Kansas,Ukraine
"Pete
Nance",MIL,35,F,6-9,225 lbs,Northwestern,USA
"Larry
Nance Jr.",IND,22,F-C,6-6,245 lbs,Wyoming,USA
"Grant
Nelson",BKN,16,F,7-0,215 lbs,Alabama,USA
"Izaiyah
Nelson",ORL,25,F,6-10,218 lbs,South Florida,USA
"Jameer
Nelson Jr.",PHI,,G,6-1,190 lbs,TCU,USA
"Andrew
Nembhard",IND,2,G-F,6-4,191 lbs,Gonzaga,Canada
"Ryan
Nembhard",ATL,9,G,5-11,180 lbs,Gonzaga,Canada
"Aaron
Nesmith",IND,23,G-F,6-5,215 lbs,Vanderbilt,USA
"Asa
Newell",ATL,14,F,6-10,220 lbs,Georgia,USA
"Narcisse
Ngoy",LAC,,C,7-0,,-,France
"Georges
Niang",GSW,32,F,6-6,230 lbs,Iowa State,USA
"Tyler
Nickel",NYK,,F,6-7,220 lbs,Vanderbilt,USA
"Yanic Konan
Niederhäuser",LAC,14,C,6-11,242 lbs,Penn State,Switzerland
"Zeke
Nnaji",DEN,22,F-C,6-10,240 lbs,Arizona,USA
"Jusuf
Nurkić",UTA,30,C,6-11,290 lbs,Cedevita,Bosnia and Herzegovina
"AK
Okereke",LAL,31,F,6-7,244 lbs,Vanderbilt,USA
"Josh
Okogie",UTA,20,G,6-4,213 lbs,Georgia Tech,Nigeria
"Onyeka
Okongwu",ATL,17,F-C,6-10,240 lbs,Southern California,USA
"Ebuka
Okorie",DET,,G,6-2,185 lbs,Stanford,Nigeria
"Isaac
Okoro",CHI,35,F-G,6-4,225 lbs,Auburn,USA
"Felix
Okpara",WAS,,C,6-11,235 lbs,Tennessee,Nigeria
"Norchad
Omier",LAC,,F,6-7,248 lbs,Miami,Nicaragua
"Royce
O'Neale",CHA,0,F,6-6,226 lbs,Baylor,USA
"Ugonna
Onyenso",DET,,C,6-11,225 lbs,Virginia,Nigeria
"Kelly
Oubre Jr.",IND,10,F-G,6-8,210 lbs,Kansas,USA
"Otega
Oweh",OKC,13,G,6-4,215 lbs,Kentucky,USA
"Gary
Payton II",GSW,0,G,6-2,195 lbs,Oregon State,USA
"Koa
Peat",PHX,18,F,6-8,235 lbs,Arizona,USA
"Micah
Peavy",MEM,14,G-F,6-7,215 lbs,Georgetown,USA
"Sean
Pedulla",HOU,,G,6-1,195 lbs,Mississippi,USA
"Noah
Penda",ORL,93,G-F,6-7,215 lbs,Le Mans Sarthe,France
"Taelon
Peter",SAS,4,G,6-3,185 lbs,Liberty,USA
"Darryn
Peterson",UTA,22,G,6-6,205 lbs,Kansas,USA
"Julian
Phillips",HOU,4,F,6-6,201 lbs,Tennessee,USA
"Labaron
Philon",PHI,0,G,6-4,177 lbs,Alabama,USA
"Jalen
Pickett",LAC,24,G,6-2,202 lbs,Penn State,USA
"Jaron
Pierre Jr.",NOP,10,G,6-5,210 lbs,Southern Methodist,USA
"Scotty
Pippen Jr.",MEM,1,G,6-2,170 lbs,Vanderbilt,USA
"Daeqwon
Plowden",SAC,29,G-F,6-4,216 lbs,Bowling Green,USA
"Brandin
Podziemski",GSW,2,G,6-4,205 lbs,Santa Clara,USA
"Jakob
Poeltl",TOR,19,C,7-0,253 lbs,Utah,Austria
"Jordan
Poole",NOP,3,G,6-4,194 lbs,Michigan,USA
"Craig
Porter Jr.",CLE,9,G,6-1,180 lbs,Wichita State,USA
"Kevin
Porter Jr.",MIL,7,G-F,6-5,203 lbs,Southern California,USA
"Michael
Porter Jr.",BKN,17,F,6-10,218 lbs,Missouri,USA
"Bobby
Portis Jr.",MIA,95,F,6-9,250 lbs,Arkansas,USA
"Kristaps
Porziņģis",GSW,7,F-C,7-2,240 lbs,Cajasol Sevilla,Latvia
"Quinten
Post",MEM,21,C,7-0,238 lbs,Boston College,Netherlands
"Micah
Potter",POR,11,C,6-9,248 lbs,Wisconsin,USA
"John
Poulakidas",DAL,1,G,6-6,205 lbs,Yale,USA
"Drake
Powell",BKN,4,G-F,6-5,195 lbs,North Carolina,USA
"Dwight
Powell",DAL,7,F-C,6-10,240 lbs,Stanford,Canada
"Norman
Powell",CHI,24,G,6-3,215 lbs,UCLA,USA
"Taurean
Prince",DET,12,F,6-6,218 lbs,Baylor,USA
"Payton
Pritchard",BOS,11,G,6-1,195 lbs,Oregon,USA
"Tyrese
Proctor",CLE,24,G,6-4,185 lbs,Duke,Australia
"Olivier-Maxence
Prosper",MEM,18,F,6-7,230 lbs,Marquette,Canada
"Zyon
Pullin",MIN,15,G,6-4,206 lbs,Florida,USA
"Jayden
Quaintance",SAS,22,F,6-10,255 lbs,Kentucky,USA
"Derik
Queen",NOP,22,C,6-9,250 lbs,Maryland,USA
"Neemias
Queta",BOS,88,C,7-0,248 lbs,Utah State,Portugal
"Immanuel
Quickley",TOR,5,G,6-2,190 lbs,Kentucky,USA
"Julius
Randle",BKN,30,F-C,6-9,250 lbs,Kentucky,USA
"Maxime
Raynaud",SAC,42,C,7-1,250 lbs,Stanford,France
"Austin
Reaves",LAL,15,G,6-5,197 lbs,Oklahoma,USA
"Paul
Reed",DET,7,F,6-9,210 lbs,DePaul,USA
"Tarris
Reed Jr.",SAS,10,C,6-11,265 lbs,Connecticut,USA
"Antonio
Reeves",CHA,12,G,6-5,205 lbs,Kentucky,USA
"Naz
Reid",CHA,11,C-F,6-9,264 lbs,Louisiana State,USA
"Will
Richard",GSW,3,G,6-3,206 lbs,Florida,USA
"Nick
Richards",MIA,8,C,6-11,245 lbs,Kentucky,Jamaica
"Jase
Richardson",ORL,11,G,6-1,180 lbs,Michigan State,USA
"Will
Riley",WAS,27,F,6-9,180 lbs,Illinois-Urbana-Champaign,USA
"Zaccharie
Risacher",DAL,10,F,6-8,200 lbs,JL Bourg-en-Bresse,France
"Duncan
Robinson",DET,55,F,6-7,215 lbs,Michigan,USA
"Mitchell
Robinson",BOS,4,C-F,7-0,240 lbs,Western Kentucky,USA
"David
Roddy",DEN,45,F,6-5,255 lbs,Colorado State,USA
"Ryan
Rollins",MIL,13,G,6-3,180 lbs,Toledo,USA
"Rayan
Rupert",PHI,21,G-F,6-7,205 lbs,New Zealand Breakers,France
"D'Angelo
Russell",MEM,5,G,6-3,193 lbs,Ohio State,USA
"Cormac
Ryan",MIL,30,G,6-5,205 lbs,North Carolina,USA
"Domantas
Sabonis",SAC,11,F-C,6-10,240 lbs,Gonzaga,Lithuania
"Tidjane
Salaün",CHA,31,F,6-10,207 lbs,Cholet,France
"Kobe
Sanders",LAC,4,G,6-8,207 lbs,Nevada,USA
"Gui
Santos",GSW,15,F,6-7,185 lbs,Minas,Brazil
"Ben
Saraf",BKN,77,G,6-6,200 lbs,Ratiopharm Ulm,Israel
"Alex
Sarr",WAS,20,C,7-0,205 lbs,Washington Wizards,France
"Marcus
Sasser",DAL,8,G,6-1,195 lbs,Houston,USA
"Richie
Saunders",MEM,,G,6-5,200 lbs,Brigham Young,USA
"Baylor
Scheierman",BOS,55,G,6-6,205 lbs,Creighton,USA
"Dennis
Schröder",CHA,8,G,6-1,175 lbs,Braunschweig,Germany
"Jaylin
Sellers",CHI,,,,,Providence,
"Alperen
Sengun",HOU,28,C,6-11,243 lbs,Besiktas,Turkey
"Brice
Sensabaugh",UTA,28,F,6-6,235 lbs,Ohio State,USA
"Collin
Sexton",LAL,10,G,6-3,190 lbs,Alabama,USA
"Landry
Shamet",NYK,44,G,6-5,190 lbs,Wichita State,USA
"Terrence
Shannon Jr",MIN,4,G-F,6-6,215 lbs,Illinois,USA
"Emanuel
Sharp",SAC,34,G,6-3,210 lbs,Houston,Israel
"Jamarion
Sharp",LAC,33,C,7-5,235 lbs,Mississippi,USA
"Day'Ron
Sharpe",BKN,20,C,6-10,265 lbs,North Carolina,USA
"Shaedon
Sharpe",POR,17,G,6-5,210 lbs,Kentucky,Canada
"Jamal
Shead",TOR,23,G,6-1,200 lbs,Houston,USA
"Ben
Sheppard",IND,26,G,6-6,190 lbs,Belmont,USA
"Reed
Sheppard",HOU,15,G,6-2,185 lbs,Kentucky,USA
"Max
Shulga",BOS,44,G,6-4,210 lbs,Virginia Commonwealth,Ukraine
"Christian
Shumate",NOP,,F,6-6,213 lbs,McNeese State,USA
"Pascal
Siakam",IND,43,F,6-8,245 lbs,New Mexico State,Cameroon
"Ben
Simmons",SAC,25,G-F,6-10,240 lbs,Louisiana State,Australia
"Anfernee
Simons",PHI,22,G,6-3,200 lbs,Edgewater HS (FL),USA
"KJ
Simpson",DEN,25,G,6-2,189 lbs,Colorado,USA
"Jericho
Sims",MIL,0,C,6-10,250 lbs,Texas,USA
"Jalen
Slawson",IND,18,F,6-7,215 lbs,Furman,USA
"Javon
Small",MEM,10,G,6-1,190 lbs,West Virginia,USA
"Marcus
Smart",HOU,36,G,6-3,220 lbs,Oklahoma State,USA
"Braden
Smith",IND,3,G,6-0,170 lbs,Purdue,USA
"Dru
Smith",MIA,12,G,6-2,203 lbs,Missouri,USA
"Jalen
Smith",CHI,25,F-C,6-8,244 lbs,Maryland,USA
"Malachi
Smith",TOR,18,G,6-4,205 lbs,Gonzaga,USA
"Tolu
Smith",DET,35,F,6-11,,Mississippi State,USA
"Jabari
Smith Jr.",HOU,10,F,6-11,220 lbs,Auburn,USA
"Jeremy
Sochan",POR,20,F,6-8,230 lbs,Baylor,Poland
"Thomas
Sorber",OKC,12,C,6-9,250 lbs,Georgetown,USA
"Cam
Spencer",MEM,24,G,6-3,205 lbs,Connecticut,USA
"Pat
Spencer",PHX,61,G,6-2,205 lbs,Northwestern,USA
"Hannes
Steinbach",CHA,22,F,6-11,,Washington,Germany
"Isaiah
Stewart",MEM,28,F-C,6-8,250 lbs,Washington,USA
"Bennett
Stirtz",OKC,14,G,6-4,180 lbs,Iowa,USA
"Julian
Strawther",DEN,3,G,6-6,205 lbs,Gonzaga,USA
"Max
Strus",LAC,2,G-F,6-5,215 lbs,DePaul,USA
"Jalen
Suggs",ORL,4,G,6-5,205 lbs,Gonzaga,USA
"Dailyn
Swain",CHI,5,F,6-7,220 lbs,Texas,USA
"Jae'Sean
Tate",HOU,8,F,6-4,230 lbs,Ohio State,USA
"Jayson
Tatum",BOS,0,F-G,6-8,210 lbs,Duke,USA
"Wade
Taylor IV",IND,,G,6-0,180 lbs,Texas A&M,USA
"Dalen
Terry",GSW,21,F,6-6,210 lbs,Arizona,USA
"Adou
Thiero",LAL,1,G,6-7,220 lbs,Arkansas,USA
"Meleek
Thomas",CLE,15,G,6-5,185 lbs,Arkansas,USA
"Saint
Thomas",PHI,,F,6-7,235 lbs,Southern California,USA
"Amen
Thompson",HOU,1,G-F,6-7,200 lbs,Overtime Elite,USA
"Ausar
Thompson",DET,9,G-F,6-7,205 lbs,Overtime Elite,USA
"Klay
Thompson",MIA,11,G,6-5,220 lbs,Washington State,USA
"Bruce
Thornton",HOU,,G,6-2,215 lbs,Ohio State,USA
"Matisse
Thybulle",LAL,4,G-F,6-5,202 lbs,Washington,USA
"Xavier
Tillman",CHA,26,F,6-8,245 lbs,Michigan State,USA
"Cristoph
Tilly",OKC,,,,,Ohio State,
"Nae'Qwan
Tomlin",CLE,35,F,6-8,210 lbs,Memphis,USA
"John
Tonje",POR,8,G,6-4,218 lbs,Wisconsin,USA
"Alex
Toohey",GSW,22,F,6-8,223 lbs,Sydney Kings,Australia
"Nikola
Topić",OKC,44,G,6-6,200 lbs,Crvena zvezda,Serbia
"Obi
Toppin",IND,1,F,6-9,220 lbs,Dayton,USA
"Karl-Anthony
Towns",NYK,32,C-F,7-0,248 lbs,Kentucky,USA
"Nolan
Traore",BKN,13,G,6-3,185 lbs,Saint-Quentin,France
"Gary
Trent Jr.",MIL,5,G,6-5,204 lbs,Duke,USA
"Oscar
Tshiebwe",HOU,34,F-C,6-8,255 lbs,Kentucky,DRC
"Myles
Turner",MIL,3,C-F,6-11,250 lbs,Texas,USA
"Jaylon
Tyson",CLE,20,G-F,6-6,215 lbs,California,USA
"Ernest
Udeh, Jr.",CLE,39,C,6-11,266 lbs,Miami,USA
"Milos
Uzan",BOS,,G,6-3,175 lbs,Houston,USA
"Jarred
Vanderbilt",LAL,2,F,6-8,214 lbs,Kentucky,USA
"Fred
VanVleet",HOU,5,G,6-0,197 lbs,Wichita State,USA
"Devin
Vassell",SAS,24,G-F,6-5,200 lbs,Florida State,USA
"Henri
Veesaar",ATL,13,C,7-0,225 lbs,North Carolina,Estonia
"Gabe
Vincent",ATL,4,G,6-2,200 lbs,California-Santa Barbara,USA
"Nikola
Vučević",ORL,9,C,6-9,265 lbs,Southern California,Montenegro
"Tristan
Vukcevic",WAS,0,F,7-0,220 lbs,Real Madrid,Italy
"Dean
Wade",PHI,32,F-C,6-9,228 lbs,Kansas State,USA
"Keaton
Wagler",LAC,1,G,6-6,175 lbs,Illinois,USA
"Franz
Wagner",ORL,22,F,6-10,220 lbs,Michigan,Germany
"Moritz
Wagner",BKN,21,F-C,6-11,245 lbs,Michigan,Germany
"Jabari
Walker",PHI,33,F,6-7,237 lbs,Colorado,USA
"Jarace
Walker",IND,5,F,6-7,235 lbs,Houston,USA
"Lonnie
Walker IV",DEN,16,G-F,6-4,204 lbs,Miami,USA
"Cason
Wallace",OKC,22,G,6-3,195 lbs,Kentucky,USA
"Keaton
Wallace",ATL,2,G,6-3,185 lbs,Texas-San Antonio,USA
"Jordan
Walsh",BOS,27,G,6-6,205 lbs,Arkansas,USA
"Ja'Kobe
Walter",TOR,14,G,6-4,180 lbs,Baylor,USA
"Kel'el
Ware",MIL,9,C,7-0,230 lbs,Indiana,USA
"P.J.
Washington",DAL,25,F,6-7,230 lbs,Kentucky,USA
"TyTy
Washington Jr.",LAC,14,G,6-3,195 lbs,Kentucky,USA
"Trendon
Watford",NOP,9,G-F,6-8,245 lbs,Louisiana State,USA
"Jamir
Watkins",WAS,5,F,6-6,210 lbs,Florida State,USA
"Peyton
Watson",CLE,8,G,6-8,200 lbs,UCLA,USA
"Jaylen
Wells",MEM,0,F,6-7,,Washington State,USA
"Victor
Wembanyama",SAS,1,F-C,7-4,235 lbs,Metropolitans 92,France
"Blake
Wesley",POR,1,G,6-4,190 lbs,Notre Dame,USA
"Coby
White",CHA,3,G,6-4,210 lbs,North Carolina,USA
"Derrick
White",BOS,9,G,6-4,190 lbs,Colorado,USA
"Aaron
Wiggins",ATL,21,G,6-5,190 lbs,Maryland,USA
"Andrew
Wiggins",MIA,22,F,6-6,197 lbs,Kansas,Canada
"Amari
Williams",BOS,77,F-C,6-11,250 lbs,Kentucky,United Kingdom
"Brandon
Williams",GSW,12,G,6-1,190 lbs,Arizona,USA
"Cody
Williams",MIN,5,F,6-8,190 lbs,Colorado,USA
"Grant
Williams",CHA,2,F,6-7,236 lbs,Tennessee,USA
"Jalen
Williams",OKC,8,G-F,6-5,211 lbs,Santa Clara,USA
"Jaylin
Williams",OKC,6,F,6-9,240 lbs,Arkansas,USA
"Kenrich
Williams",OKC,34,G-F,6-7,210 lbs,TCU,USA
"Mark
Williams",PHX,15,C,7-1,240 lbs,Duke,USA
"Nate
Williams",GSW,19,G,6-5,205 lbs,Buffalo,USA
"Patrick
Williams",CHI,44,F,6-6,235 lbs,Florida State,USA
"Ziaire
Williams",LAL,11,F,6-9,185 lbs,Stanford,USA
"Robert
Williams III",POR,35,C-F,6-9,249 lbs,Texas A&M,USA
"Zion
Williamson",NOP,1,F,6-6,284 lbs,Duke,USA
"Caleb
Wilson",CHI,8,F,6-10,215 lbs,North Carolina,USA
"Jalen
Wilson",ATL,22,F,6-6,220 lbs,Kansas,USA
"Danny
Wolf",BKN,2,F,6-11,250 lbs,Michigan,USA
"Jahmir
Young",MIA,17,G,6-0,185 lbs,Maryland,USA
"Trae
Young",WAS,3,G,6-2,164 lbs,Oklahoma,USA
"Chris
Youngblood",POR,3,G,6-4,,Alabama,USA
"Rocco
Zikarsky",MIN,44,C,7-3,227 lbs,Brisbane Bullets (Australia),Australia
"Ivica
Zubac",IND,40,C,7-0,240 lbs,Mega Basket,Croatia